EmpID,MarriedID,MaritalStatusID,GenderID,EmpStatusID,DeptID,PerfScoreID,FromDiversityJobFairID,PayRate,PositionID,Position,State,Zip,DOB,Sex,MaritalDesc,CitizenDesc,RaceDesc,DateofHire,DateofTermination,TermReason,EmploymentStatus,Department,ManagerID,RecruitmentSource,PerformanceScore,EngagementSurvey,EmpSatisfaction,SpecialProjectsCount,LastPerformanceReview_Date,age,seniority,Attrition,PayGrade
1103024456.0,1.0,1.0,0.0,1.0,1.0,3.0,1.0,28.5,1.0,Accountant I,MA,1450.0,1987-11-24,F,Married,US Citizen,Black or African American,2008-10-27,,N/A - still employed,Active,Admin Offices,1.0,Diversity Job Fair,Fully Meets,2.04,2.0,6.0,2019-01-15,32,11,0,High
1106026572.0,0.0,2.0,1.0,1.0,1.0,3.0,0.0,23.0,1.0,Accountant I,MA,1460.0,1984-04-26,M ,Divorced,US Citizen,Black or African American,2014-01-06,,N/A - still employed,Active,Admin Offices,1.0,Website Banner Ads,Fully Meets,5.0,4.0,4.0,2019-01-17,35,5,0,Moderate
1302053333.0,0.0,0.0,1.0,1.0,1.0,3.0,0.0,29.0,1.0,Accountant I,MA,2703.0,1986-09-01,M ,Single,US Citizen,White,2014-09-29,,N/A - still employed,Active,Admin Offices,1.0,Internet Search,Fully Meets,3.9,5.0,5.0,2019-01-18,33,5,0,High
1211050782.0,1.0,1.0,0.0,1.0,1.0,3.0,0.0,21.5,2.0,Administrative Assistant,MA,2170.0,1985-09-16,F,Married,US Citizen,White,2015-02-16,2015-04-15,,Terminated for Cause,Admin Offices,1.0,Pay Per Click - Google,Fully Meets,3.24,3.0,4.0,,34,4,1,Low
1307059817.0,0.0,0.0,0.0,1.0,1.0,3.0,0.0,16.56,2.0,Administrative Assistant,MA,2330.0,1988-05-19,F,Single,US Citizen,White,2015-05-01,,N/A - still employed,Active,Admin Offices,1.0,Website Banner Ads,Fully Meets,5.0,3.0,5.0,2019-01-15,31,4,0,Very Low
711007713.0,1.0,1.0,0.0,5.0,1.0,3.0,1.0,20.5,2.0,Administrative Assistant,MA,1844.0,1987-06-14,F,Married,US Citizen,Asian,2011-09-26,2013-09-25,career change,Voluntarily Terminated,Admin Offices,1.0,Diversity Job Fair,Fully Meets,3.8,4.0,4.0,,32,8,1,Low
1504073368.0,1.0,1.0,0.0,5.0,6.0,3.0,0.0,55.0,3.0,Area Sales Manager,VA,21851.0,2064-06-01,F,Married,Eligible NonCitizen,Black or African American,2011-08-15,2014-08-02,Another position,Voluntarily Terminated,Sales,17.0,Social Networks - Facebook Twitter etc,Fully Meets,3.14,5.0,0.0,,45,8,1,Very High
1403065721.0,0.0,0.0,0.0,1.0,6.0,3.0,0.0,55.0,3.0,Area Sales Manager,VT,5664.0,2063-05-15,F,Single,US Citizen,White,2014-08-18,,N/A - still employed,Active,Sales,17.0,Billboard,Fully Meets,5.0,5.0,0.0,2019-01-21,44,5,0,Very High
1408069481.0,0.0,0.0,0.0,1.0,6.0,1.0,0.0,55.0,3.0,Area Sales Manager,WA,98052.0,1987-05-14,F,Single,US Citizen,White,2012-02-20,,N/A - still employed,Active,Sales,17.0,Website Banner Ads,PIP,2.3,1.0,0.0,2019-01-29,32,7,0,Very High
1306059197.0,1.0,1.0,1.0,1.0,6.0,3.0,0.0,56.0,3.0,Area Sales Manager,NH,3062.0,1988-09-14,M ,Married,US Citizen,American Indian or Alaska Native,2014-08-18,,N/A - still employed,Active,Sales,17.0,Pay Per Click - Google,Fully Meets,3.6,5.0,0.0,2019-01-30,31,5,0,Very High
1204032843.0,0.0,0.0,1.0,1.0,6.0,3.0,1.0,55.5,3.0,Area Sales Manager,NY,10171.0,1969-02-24,M ,Single,US Citizen,Two or more races,2011-03-07,,N/A - still employed,Active,Sales,17.0,Diversity Job Fair,Fully Meets,3.65,5.0,0.0,2019-01-17,50,8,0,Very High
1302053046.0,0.0,4.0,0.0,4.0,6.0,3.0,0.0,55.0,3.0,Area Sales Manager,OH,43050.0,1971-07-10,F,Widowed,US Citizen,Black or African American,2014-07-07,2015-09-05,attendance,Terminated for Cause,Sales,17.0,Monster.com,Fully Meets,3.97,4.0,0.0,,48,5,1,Very High
1411071481.0,1.0,1.0,1.0,1.0,6.0,3.0,0.0,55.5,3.0,Area Sales Manager,ID,83706.0,2054-10-12,M ,Married,US Citizen,White,2014-05-12,,N/A - still employed,Active,Sales,17.0,Monster.com,Fully Meets,3.98,3.0,0.0,2019-01-28,35,5,0,Very High
1001167253.0,0.0,0.0,1.0,5.0,6.0,3.0,0.0,55.0,3.0,Area Sales Manager,TN,37129.0,1969-02-09,M ,Single,US Citizen,Two or more races,2011-03-07,2014-10-31,relocation out of area,Voluntarily Terminated,Sales,17.0,Newspager/Magazine,Fully Meets,4.5,5.0,0.0,,50,8,1,Very High
1412071660.0,0.0,3.0,1.0,1.0,6.0,3.0,0.0,55.0,3.0,Area Sales Manager,UT,84111.0,1988-12-27,M ,Separated,US Citizen,Black or African American,2012-04-30,,N/A - still employed,Active,Sales,17.0,Website Banner Ads,Fully Meets,4.53,3.0,0.0,2019-01-29,30,7,0,Very High
1306057978.0,0.0,0.0,1.0,1.0,6.0,1.0,0.0,55.0,3.0,Area Sales Manager,AL,36006.0,1975-11-02,M ,Single,US Citizen,Two or more races,2014-09-29,,N/A - still employed,Active,Sales,17.0,Internet Search,PIP,1.93,3.0,0.0,2019-01-30,44,5,0,Very High
812011761.0,0.0,0.0,1.0,1.0,6.0,3.0,0.0,55.0,3.0,Area Sales Manager,NC,27229.0,1982-05-19,M ,Single,US Citizen,White,2015-01-05,,N/A - still employed,Active,Sales,17.0,Website Banner Ads,Fully Meets,5.0,5.0,0.0,2019-01-14,37,4,0,Very High
1411071295.0,1.0,1.0,0.0,1.0,6.0,3.0,0.0,54.0,3.0,Area Sales Manager,MT,59102.0,1989-05-12,F,Married,US Citizen,Black or African American,2010-09-27,,N/A - still employed,Active,Sales,17.0,Professional Society,Fully Meets,2.0,4.0,0.0,2019-01-31,30,9,0,Very High
1312063714.0,1.0,1.0,0.0,1.0,6.0,3.0,0.0,55.0,3.0,Area Sales Manager,AZ,85006.0,1991-05-23,F,Married,US Citizen,Two or more races,2011-07-05,,N/A - still employed,Active,Sales,17.0,Other,Fully Meets,2.81,3.0,0.0,2019-01-17,28,8,0,Very High
1111030503.0,0.0,0.0,1.0,1.0,6.0,3.0,0.0,56.0,3.0,Area Sales Manager,ME,4063.0,1989-07-11,M ,Single,US Citizen,Asian,2012-03-05,,N/A - still employed,Active,Sales,17.0,Website Banner Ads,Fully Meets,1.77,4.0,0.0,2019-01-18,30,7,0,Very High
1504073313.0,1.0,1.0,1.0,1.0,6.0,3.0,0.0,55.0,3.0,Area Sales Manager,MA,2330.0,1975-07-07,M ,Married,US Citizen,White,2014-09-29,,N/A - still employed,Active,Sales,21.0,Employee Referral,Fully Meets,3.31,5.0,0.0,2019-01-28,44,5,0,Very High
1409070567.0,0.0,0.0,0.0,1.0,6.0,4.0,0.0,55.0,3.0,Area Sales Manager,CA,90007.0,1988-11-08,F,Single,US Citizen,White,2011-01-10,,N/A - still employed,Active,Sales,21.0,Other,Exceeds,4.77,5.0,0.0,2019-01-27,31,8,0,Very High
1411071302.0,0.0,0.0,1.0,1.0,6.0,3.0,0.0,55.0,3.0,Area Sales Manager,CT,6050.0,2063-08-28,M ,Single,US Citizen,Black or African American,2011-09-06,,N/A - still employed,Active,Sales,21.0,Monster.com,Fully Meets,1.64,3.0,0.0,2019-01-27,44,8,0,Very High
1203032099.0,0.0,0.0,0.0,1.0,6.0,3.0,0.0,55.0,3.0,Area Sales Manager,IN,46204.0,1989-09-22,F,Single,US Citizen,White,2015-02-16,,N/A - still employed,Active,Sales,21.0,Pay Per Click - Google,Fully Meets,1.72,5.0,0.0,2019-01-25,30,4,0,Very High
1001084890.0,1.0,1.0,1.0,1.0,6.0,1.0,0.0,56.0,3.0,Area Sales Manager,NV,89139.0,1974-05-09,M ,Married,US Citizen,White,2014-05-12,,N/A - still employed,Active,Sales,21.0,Website Banner Ads,PIP,1.81,2.0,0.0,2019-01-17,45,5,0,Very High
1104025008.0,0.0,0.0,1.0,1.0,6.0,3.0,0.0,55.0,3.0,Area Sales Manager,CO,80820.0,1979-11-27,M ,Single,US Citizen,White,2013-08-19,,N/A - still employed,Active,Sales,21.0,Pay Per Click - Google,Fully Meets,2.19,5.0,0.0,2019-01-22,40,6,0,Very High
1209048771.0,0.0,0.0,1.0,1.0,6.0,3.0,0.0,56.0,3.0,Area Sales Manager,TX,78207.0,1970-06-11,M ,Single,Eligible NonCitizen,Black or African American,2012-05-14,,N/A - still employed,Active,Sales,21.0,Employee Referral,Fully Meets,2.94,5.0,0.0,2019-01-19,49,7,0,Very High
1209049326.0,1.0,1.0,1.0,2.0,6.0,3.0,0.0,55.0,3.0,Area Sales Manager,TX,78789.0,1984-07-01,M ,Married,US Citizen,Two or more races,2016-07-06,,N/A - Has not started yet,Future Start,Sales,21.0,Website Banner Ads,Fully Meets,2.91,4.0,0.0,2019-01-29,35,3,1,Very High
1111030684.0,0.0,0.0,0.0,1.0,6.0,3.0,0.0,55.0,3.0,Area Sales Manager,GA,30428.0,1989-03-31,F,Single,US Citizen,Two or more races,2013-07-08,,N/A - still employed,Active,Sales,21.0,Pay Per Click - Google,Fully Meets,5.0,5.0,0.0,2019-01-25,30,6,0,Very High
1501072180.0,0.0,0.0,0.0,1.0,6.0,3.0,0.0,57.0,3.0,Area Sales Manager,FL,33174.0,1990-05-11,F,Single,US Citizen,White,2013-09-30,,N/A - still employed,Active,Sales,21.0,Pay Per Click - Google,Fully Meets,4.28,3.0,0.0,2019-01-25,29,6,0,Very High
1102024106.0,1.0,1.0,0.0,1.0,6.0,3.0,0.0,55.0,3.0,Area Sales Manager,KY,40220.0,1988-08-29,F,Married,US Citizen,Black or African American,2012-01-09,,N/A - still employed,Active,Sales,21.0,Website Banner Ads,Fully Meets,4.2,5.0,0.0,2019-02-01,31,7,0,Very High
1502072711.0,0.0,3.0,1.0,1.0,6.0,4.0,0.0,55.0,3.0,Area Sales Manager,ND,58782.0,2068-01-15,M ,Separated,US Citizen,White,2006-01-09,,N/A - still employed,Active,Sales,21.0,Billboard,Exceeds,4.1,3.0,0.0,2019-01-04,49,13,0,Very High
1401064637.0,0.0,0.0,0.0,1.0,6.0,3.0,0.0,55.0,3.0,Area Sales Manager,OR,97756.0,2065-05-07,F,Single,US Citizen,Black or African American,2014-09-29,,N/A - still employed,Active,Sales,21.0,Monster.com,Fully Meets,3.69,3.0,0.0,2019-01-28,46,5,0,Very High
1009919940.0,1.0,1.0,0.0,1.0,3.0,3.0,0.0,45.0,4.0,BI Developer,MA,2110.0,1980-05-12,F,Married,US Citizen,Black or African American,2016-10-02,,N/A - still employed,Active,IT/IS,13.0,Indeed,Fully Meets,2.02,4.0,6.0,2019-02-06,39,3,0,High
1009919980.0,0.0,0.0,1.0,1.0,3.0,3.0,0.0,46.0,4.0,BI Developer,MA,2045.0,1983-09-04,M ,Single,US Citizen,White,2017-02-15,,N/A - still employed,Active,IT/IS,13.0,Indeed,Fully Meets,3.01,5.0,7.0,2019-01-23,36,2,0,High
1009919990.0,1.0,1.0,1.0,1.0,3.0,3.0,0.0,45.0,4.0,BI Developer,MA,2134.0,1987-10-24,M ,Married,US Citizen,White,2017-04-20,,N/A - still employed,Active,IT/IS,13.0,Indeed,Fully Meets,1.82,3.0,6.0,2019-01-02,32,2,0,High
1009920000.0,1.0,1.0,1.0,1.0,3.0,3.0,0.0,45.0,4.0,BI Developer,MA,2134.0,1989-06-30,M ,Married,US Citizen,Black or African American,2017-04-20,,N/A - still employed,Active,IT/IS,13.0,Indeed,Fully Meets,2.06,5.0,5.0,2019-01-28,30,2,0,High
1009919920.0,1.0,1.0,1.0,1.0,3.0,3.0,0.0,63.5,5.0,BI Director,MA,2045.0,1972-02-09,M ,Married,US Citizen,White,2016-09-06,,N/A - still employed,Active,IT/IS,5.0,Professional Society,Fully Meets,4.5,5.0,7.0,2019-01-15,47,3,0,Very High
1112030816.0,0.0,0.0,0.0,1.0,3.0,4.0,0.0,65.0,6.0,CIO,MA,2067.0,1979-08-30,F,Single,US Citizen,White,2010-04-10,,N/A - still employed,Active,IT/IS,2.0,Employee Referral,Exceeds,1.12,5.0,6.0,2019-02-21,40,9,0,Very High
1009919950.0,0.0,0.0,0.0,1.0,3.0,3.0,0.0,55.0,7.0,Data Architect,MA,2056.0,1972-11-21,F,Single,US Citizen,Black or African American,2017-01-07,,N/A - still employed,Active,IT/IS,13.0,Indeed,Fully Meets,4.94,3.0,5.0,2019-02-06,47,2,0,Very High
1102024056.0,0.0,0.0,0.0,4.0,3.0,3.0,0.0,43.0,8.0,Database Administrator,MA,2026.0,1986-04-04,F,Single,US Citizen,White,2014-07-07,2015-09-12,performance,Terminated for Cause,IT/IS,4.0,Search Engine - Google Bing Yahoo,Fully Meets,1.87,4.0,5.0,,33,5,1,High
905013738.0,0.0,0.0,0.0,4.0,3.0,3.0,0.0,48.5,8.0,Database Administrator,MA,2127.0,1971-10-23,F,Single,US Citizen,White,2015-02-16,2015-03-15,"no-call, no-show",Terminated for Cause,IT/IS,4.0,Glassdoor,Fully Meets,1.87,4.0,4.0,,48,4,1,High
1410071156.0,1.0,1.0,1.0,4.0,3.0,3.0,0.0,40.1,8.0,Database Administrator,MA,1960.0,1986-08-07,M ,Married,US Citizen,Black or African American,2015-02-16,2015-02-22,"no-call, no-show",Terminated for Cause,IT/IS,4.0,Employee Referral,Fully Meets,4.33,3.0,7.0,,33,4,1,High
1105025718.0,0.0,0.0,0.0,1.0,3.0,3.0,0.0,34.0,8.0,Database Administrator,MA,2493.0,1984-02-21,F,Single,US Citizen,White,2015-03-30,,N/A - still employed,Active,IT/IS,4.0,Glassdoor,Fully Meets,4.48,5.0,6.0,2019-01-03,35,4,0,High
1003018246.0,1.0,1.0,0.0,3.0,3.0,3.0,0.0,40.0,8.0,Database Administrator,MA,2301.0,1986-11-07,F,Married,US Citizen,Asian,2015-01-05,,N/A - still employed,Leave of Absence,IT/IS,4.0,Glassdoor,Fully Meets,3.75,3.0,5.0,2019-02-11,33,4,0,High
1406068403.0,0.0,2.0,1.0,1.0,3.0,4.0,1.0,35.5,9.0,Data Analyst,TX,78230.0,1988-07-04,M ,Divorced,US Citizen,Black or African American,2014-11-10,,N/A - still employed,Active,IT/IS,4.0,Diversity Job Fair,Exceeds,4.28,4.0,5.0,2019-02-25,31,5,0,High
1102023965.0,1.0,1.0,1.0,5.0,3.0,3.0,0.0,41.0,9.0,Data Analyst,MA,2747.0,1984-09-05,M ,Married,US Citizen,White,2014-12-01,2016-05-01,performance,Voluntarily Terminated,IT/IS,4.0,Employee Referral,Fully Meets,1.62,4.0,5.0,,35,5,1,High
1108027853.0,1.0,1.0,0.0,1.0,3.0,4.0,0.0,42.75,9.0,Data Analyst,MA,1886.0,1984-09-16,F,Married,US Citizen,Asian,2014-11-10,,N/A - still employed,Active,IT/IS,4.0,Employee Referral,Exceeds,3.71,5.0,7.0,2019-01-04,35,5,0,High
1407068885.0,1.0,1.0,0.0,1.0,3.0,3.0,0.0,39.55,9.0,Data Analyst,MA,1886.0,1981-10-11,F,Married,US Citizen,White,2015-02-16,,N/A - still employed,Active,IT/IS,4.0,Employee Referral,Fully Meets,3.69,5.0,6.0,2019-02-14,38,4,0,High
1203032255.0,1.0,1.0,1.0,1.0,3.0,3.0,0.0,42.2,9.0,Data Analyst,MA,1810.0,1986-08-26,M ,Married,US Citizen,White,2015-03-30,,N/A - still employed,Active,IT/IS,4.0,Pay Per Click - Google,Fully Meets,3.04,3.0,6.0,2019-01-22,33,4,0,High
1111030148.0,0.0,2.0,1.0,5.0,3.0,3.0,0.0,45.0,9.0,Data Analyst ,MA,2452.0,1987-12-17,M ,Divorced,US Citizen,Black or African American,2015-01-05,2015-10-31,hours,Voluntarily Terminated,IT/IS,4.0,Vendor Referral,Fully Meets,2.19,3.0,5.0,,31,4,1,High
808010278.0,1.0,1.0,1.0,1.0,3.0,3.0,0.0,30.2,9.0,Data Analyst,MA,2110.0,1970-02-08,M ,Married,US Citizen,White,2015-01-05,,N/A - still employed,Active,IT/IS,4.0,Employee Referral,Fully Meets,3.32,3.0,7.0,2019-01-14,49,4,0,High
1110029732.0,0.0,0.0,0.0,1.0,3.0,3.0,0.0,31.4,9.0,Data Analyst,MA,2148.0,1979-02-24,F,Single,US Citizen,White,2015-03-30,,N/A - still employed,Active,IT/IS,4.0,Employee Referral,Fully Meets,5.0,3.0,5.0,2019-02-01,40,4,0,High
1006020066.0,0.0,0.0,0.0,1.0,5.0,4.0,0.0,60.0,10.0,Director of Operations,MA,2030.0,1983-03-19,F,Single,US Citizen,Black or African American,2009-01-05,,N/A - still employed,Active,Production       ,2.0,Other,Exceeds,3.02,5.0,0.0,2019-02-04,36,10,0,Very High
1009021646.0,1.0,1.0,0.0,1.0,6.0,3.0,0.0,60.0,11.0,Director of Sales,RI,2908.0,2066-03-17,F,Married,US Citizen,White,2014-05-05,,N/A - still employed,Active,Sales,2.0,MBTA ads,Fully Meets,1.22,4.0,0.0,2019-01-21,47,5,0,Very High
1192991000.0,0.0,0.0,1.0,1.0,3.0,4.0,0.0,65.0,12.0,IT Director,MA,1460.0,1980-07-05,M ,Single,US Citizen,Black or African American,2011-04-15,,N/A - still employed,Active,IT/IS,5.0,Professional Society,Exceeds,3.76,5.0,5.0,2019-01-07,39,8,0,Very High
1106026933.0,0.0,0.0,1.0,1.0,3.0,3.0,0.0,62.0,13.0,IT Manager - DB,MA,2481.0,1973-04-05,M ,Single,US Citizen,White,2013-01-20,,N/A - still employed,Active,IT/IS,5.0,Professional Society,Fully Meets,2.96,5.0,7.0,2019-02-18,46,6,0,Very High
1001175250.0,0.0,2.0,1.0,5.0,3.0,3.0,1.0,21.0,13.0,IT Manager - DB,MA,1915.0,2064-01-04,M ,Divorced,US Citizen,Two or more races,2012-01-09,2015-11-04,hours,Voluntarily Terminated,IT/IS,5.0,Diversity Job Fair,Fully Meets,2.51,4.0,6.0,,45,7,1,Low
1011022863.0,1.0,1.0,1.0,1.0,3.0,2.0,1.0,63.0,13.0,IT Manager - Infra,MA,2134.0,1986-10-05,M ,Married,Eligible NonCitizen,Hispanic,2012-02-15,,N/A - still employed,Active,IT/IS,5.0,Diversity Job Fair,Needs Improvement,2.39,3.0,6.0,2019-02-22,33,7,0,Very High
1101023754.0,0.0,0.0,1.0,1.0,3.0,4.0,0.0,64.0,13.0,IT Manager - Support,MA,1886.0,1970-07-09,M ,Single,US Citizen,White,2014-01-05,,N/A - still employed,Active,IT/IS,5.0,Professional Society,Exceeds,1.99,5.0,5.0,2019-01-04,49,5,0,Very High
1301052902.0,0.0,0.0,1.0,1.0,3.0,3.0,0.0,28.99,14.0,IT Support,MA,2170.0,1985-09-05,M ,Single,US Citizen,White,2012-09-05,,N/A - still employed,Active,IT/IS,6.0,Glassdoor,Fully Meets,2.55,3.0,6.0,2019-02-27,34,7,0,High
1501072093.0,0.0,0.0,0.0,1.0,3.0,3.0,0.0,31.4,14.0,IT Support,CT,6040.0,2068-07-06,F,Single,US Citizen,White,2010-05-01,,N/A - still employed,Active,IT/IS,6.0,Vendor Referral,Fully Meets,1.21,4.0,5.0,2019-02-01,49,9,0,High
602000312.0,0.0,0.0,0.0,1.0,3.0,4.0,1.0,26.0,14.0,IT Support,CT,6070.0,1988-10-05,F,Single,US Citizen,Two or more races,2011-01-21,,N/A - still employed,Active,IT/IS,6.0,Diversity Job Fair,Exceeds,4.64,4.0,5.0,2019-01-25,31,8,0,Moderate
1203032263.0,1.0,1.0,0.0,1.0,3.0,3.0,0.0,27.49,14.0,IT Support,MA,2360.0,1973-03-12,F,Married,US Citizen,Black or African American,2011-06-10,,N/A - still employed,Active,IT/IS,6.0,Information Session,Fully Meets,4.3,3.0,5.0,2019-02-08,46,8,0,High
1212052023.0,0.0,2.0,1.0,1.0,3.0,3.0,0.0,45.0,14.0,IT Support,MA,1886.0,1988-01-07,M ,Divorced,US Citizen,White,2015-01-05,,N/A - still employed,Active,IT/IS,7.0,Glassdoor,Fully Meets,1.84,5.0,6.0,2019-02-18,31,4,0,High
1102024173.0,1.0,1.0,1.0,1.0,3.0,3.0,0.0,42.0,14.0,IT Support,MA,2135.0,1989-11-24,M ,Married,US Citizen,White,2015-03-30,,N/A - still employed,Active,IT/IS,7.0,Information Session,Fully Meets,2.21,5.0,7.0,2019-01-10,30,4,0,High
1101023540.0,1.0,1.0,0.0,1.0,3.0,3.0,0.0,37.0,14.0,IT Support,MA,2119.0,1988-07-18,F,Married,US Citizen,White,2015-01-05,,N/A - still employed,Active,IT/IS,7.0,Employee Referral,Fully Meets,4.11,4.0,6.0,2019-02-25,31,4,0,High
1988299991.0,0.0,3.0,0.0,1.0,3.0,3.0,0.0,39.0,14.0,IT Support,MA,2472.0,1981-04-16,F,Separated,US Citizen,White,2015-01-05,,N/A - still employed,Active,IT/IS,7.0,Employee Referral,Fully Meets,4.61,4.0,5.0,2019-01-28,38,4,0,High
1012023013.0,0.0,0.0,1.0,1.0,3.0,1.0,0.0,43.0,15.0,Network Engineer,MA,2138.0,1987-06-18,M ,Single,US Citizen,White,2015-03-30,,N/A - still employed,Active,IT/IS,7.0,Vendor Referral,PIP,1.2,3.0,6.0,2019-02-04,32,4,0,High
1001956578.0,1.0,1.0,0.0,1.0,3.0,3.0,0.0,27.0,15.0,Network Engineer,MA,2048.0,1979-04-04,F,Married,US Citizen,White,2015-02-16,,N/A - still employed,Active,IT/IS,7.0,Monster.com,Fully Meets,3.81,3.0,6.0,2019-02-11,40,4,0,Moderate
906014183.0,1.0,1.0,0.0,1.0,3.0,3.0,0.0,47.0,15.0,Network Engineer,MA,1773.0,1981-04-14,F,Married,US Citizen,White,2014-09-30,,N/A - still employed,Active,IT/IS,7.0,Vendor Referral,Fully Meets,3.31,3.0,6.0,2019-01-07,38,5,0,High
1104025466.0,1.0,1.0,1.0,5.0,3.0,3.0,0.0,28.0,15.0,Network Engineer,MA,1420.0,1988-05-05,M ,Married,US Citizen,White,2015-01-05,2015-05-12,medical issues,Voluntarily Terminated,IT/IS,7.0,Monster.com,Fully Meets,5.0,3.0,5.0,,31,4,1,High
1411071506.0,1.0,1.0,1.0,1.0,3.0,3.0,0.0,49.1,15.0,Network Engineer,MA,2343.0,1969-03-31,M ,Married,Eligible NonCitizen,White,2015-03-30,,N/A - still employed,Active,IT/IS,7.0,Employee Referral,Fully Meets,5.0,4.0,7.0,2019-01-14,50,4,0,High
1001495124.0,1.0,1.0,0.0,1.0,2.0,3.0,0.0,80.0,16.0,President & CEO,MA,1902.0,2054-09-21,F,Married,US Citizen,White,2012-07-02,,N/A - still employed,Active,Executive Office,9.0,Pay Per Click - Google,Fully Meets,4.83,3.0,0.0,2019-01-17,35,7,0,Very High
1501072311.0,0.0,2.0,1.0,1.0,5.0,3.0,0.0,54.5,17.0,Production Manager,MA,2169.0,2068-10-10,M ,Divorced,US Citizen,White,2011-08-01,,N/A - still employed,Active,Production       ,2.0,Employee Referral,Fully Meets,3.93,3.0,0.0,2019-02-27,49,8,0,Very High
1303054580.0,0.0,0.0,1.0,5.0,5.0,3.0,0.0,50.5,18.0,Production Manager,MA,1901.0,1970-03-10,M ,Single,US Citizen,Asian,2013-09-30,2014-08-07,retiring,Voluntarily Terminated,Production       ,2.0,Billboard,Fully Meets,3.39,3.0,0.0,,49,6,1,High
1110029990.0,0.0,0.0,1.0,1.0,5.0,4.0,0.0,55.0,18.0,Production Manager,MA,2169.0,1983-08-09,M ,Single,US Citizen,White,2016-01-28,,N/A - still employed,Active,Production       ,2.0,Pay Per Click - Google,Exceeds,5.0,3.0,0.0,2019-02-22,36,3,0,Very High
1409070147.0,0.0,0.0,0.0,1.0,5.0,3.0,0.0,51.0,18.0,Production Manager,MA,1731.0,1973-11-28,F,Single,US Citizen,White,2014-09-18,,N/A - still employed,Active,Production       ,2.0,Search Engine - Google Bing Yahoo,Fully Meets,4.52,4.0,0.0,2019-01-15,46,5,0,High
1307060077.0,0.0,2.0,1.0,1.0,5.0,3.0,0.0,54.0,18.0,Production Manager,MA,1752.0,1981-07-11,M ,Divorced,US Citizen,White,2015-06-02,,N/A - still employed,Active,Production       ,2.0,Employee Referral,Fully Meets,4.63,3.0,0.0,2019-01-04,38,4,0,Very High
1001944783.0,1.0,1.0,1.0,4.0,5.0,3.0,0.0,48.5,18.0,Production Manager,MA,1890.0,1972-07-01,M ,Married,US Citizen,White,2011-01-10,2015-12-12,attendance,Terminated for Cause,Production       ,2.0,Employee Referral,Fully Meets,4.78,4.0,0.0,,47,8,1,High
1403065874.0,1.0,1.0,1.0,5.0,5.0,2.0,0.0,42.0,18.0,Production Manager,MA,2128.0,1976-11-15,M ,Married,US Citizen,Asian,2011-02-21,2012-09-24,unhappy,Voluntarily Terminated,Production       ,2.0,Other,Needs Improvement,2.34,2.0,0.0,,43,8,1,High
1103024679.0,1.0,1.0,0.0,1.0,5.0,4.0,0.0,55.0,18.0,Production Manager,MA,2110.0,1981-10-26,F,Married,US Citizen,White,2013-09-30,,N/A - still employed,Active,Production       ,2.0,Website Banner Ads,Exceeds,3.66,3.0,0.0,2019-01-21,38,6,0,Very High
1107027351.0,0.0,0.0,1.0,1.0,5.0,3.0,0.0,53.0,18.0,Production Manager,MA,2045.0,1981-08-10,M ,Single,US Citizen,Hispanic,2012-08-16,,N/A - still employed,Active,Production       ,2.0,Internet Search,Fully Meets,4.37,3.0,0.0,2019-01-14,38,7,0,Very High
1402065355.0,1.0,1.0,0.0,5.0,5.0,3.0,0.0,38.5,18.0,Production Manager,MA,2030.0,1977-05-09,F,Married,US Citizen,White,2010-10-25,2016-05-18,Another position,Voluntarily Terminated,Production       ,2.0,Internet Search,Fully Meets,4.16,5.0,0.0,,42,9,1,High
1102024149.0,1.0,1.0,0.0,1.0,5.0,3.0,0.0,52.0,18.0,Production Manager,MA,2451.0,1975-09-30,F,Married,US Citizen,White,2012-10-02,,N/A - still employed,Active,Production       ,2.0,Vendor Referral,Fully Meets,4.83,5.0,0.0,2019-02-14,44,7,0,High
1000974650.0,0.0,2.0,1.0,1.0,5.0,2.0,0.0,53.0,18.0,Production Manager,MA,1803.0,1975-12-17,M ,Divorced,US Citizen,White,2010-07-20,,N/A - still employed,Active,Production       ,2.0,Monster.com,Needs Improvement,4.13,2.0,0.0,2019-01-14,43,9,0,Very High
1405067298.0,1.0,1.0,0.0,1.0,5.0,3.0,0.0,55.0,18.0,Production Manager,MA,1776.0,1978-03-28,F,Married,US Citizen,Black or African American,2009-01-08,,N/A - still employed,Active,Production       ,2.0,Billboard,Fully Meets,3.73,4.0,0.0,2019-01-24,41,10,0,Very High
1410071026.0,1.0,1.0,0.0,5.0,5.0,3.0,1.0,33.5,18.0,Production Manager,MA,2478.0,2055-11-14,F,Married,US Citizen,Black or African American,2011-09-26,2012-01-02,Another position,Voluntarily Terminated,Production       ,2.0,Diversity Job Fair,Fully Meets,1.18,3.0,0.0,,36,8,1,High
1304055947.0,0.0,0.0,0.0,1.0,5.0,4.0,0.0,23.0,19.0,Production Technician I,MA,1844.0,1977-05-22,F,Single,US Citizen,White,2012-01-09,,N/A - still employed,Active,Production       ,11.0,MBTA ads,Exceeds,5.0,5.0,0.0,2019-01-07,42,7,0,Moderate
1109029366.0,0.0,0.0,1.0,1.0,5.0,3.0,0.0,16.0,19.0,Production Technician I,MA,2072.0,1970-12-22,M ,Single,US Citizen,White,2012-04-02,,N/A - still employed,Active,Production       ,11.0,Word of Mouth,Fully Meets,5.0,3.0,0.0,2019-01-14,48,7,0,Very Low
1101023394.0,0.0,0.0,0.0,5.0,5.0,3.0,0.0,21.0,19.0,Production Technician I,MA,1775.0,1983-08-27,F,Single,US Citizen,White,2011-06-27,2015-11-15,relocation out of area,Voluntarily Terminated,Production       ,11.0,Other,Fully Meets,2.0,4.0,0.0,,36,8,1,Low
1501072124.0,1.0,1.0,1.0,1.0,5.0,1.0,0.0,20.0,19.0,Production Technician I,MA,2061.0,2067-04-19,M ,Married,US Citizen,White,2014-07-07,,N/A - still employed,Active,Production       ,11.0,Professional Society,PIP,1.12,2.0,0.0,2019-01-31,48,5,0,Low
1302053339.0,1.0,1.0,1.0,1.0,5.0,1.0,0.0,18.0,19.0,Production Technician I,MA,2132.0,1989-10-18,M ,Married,US Citizen,White,2015-05-11,,N/A - still employed,Active,Production       ,11.0,Professional Society,PIP,1.56,5.0,0.0,2019-01-03,30,4,0,Very Low
1204032927.0,0.0,0.0,0.0,1.0,5.0,4.0,0.0,16.0,19.0,Production Technician I,MA,2451.0,1980-05-08,F,Single,US Citizen,Two or more races,2014-09-29,,N/A - still employed,Active,Production       ,11.0,Professional Society,Exceeds,3.39,4.0,0.0,2019-02-07,39,5,0,Very Low
1404066622.0,1.0,1.0,0.0,1.0,5.0,4.0,0.0,20.0,19.0,Production Technician I,MA,1886.0,1974-05-02,F,Married,US Citizen,White,2014-05-12,,N/A - still employed,Active,Production       ,11.0,Monster.com,Exceeds,4.76,4.0,0.0,2019-02-15,45,5,0,Low
903013071.0,1.0,1.0,0.0,5.0,5.0,3.0,0.0,24.0,19.0,Production Technician I,MA,2127.0,1970-10-08,F,Married,US Citizen,White,2011-09-26,2012-01-09,more money,Voluntarily Terminated,Production       ,11.0,Search Engine - Google Bing Yahoo,Fully Meets,3.49,4.0,0.0,,49,8,1,Moderate
1201031032.0,0.0,4.0,1.0,5.0,5.0,3.0,0.0,15.0,19.0,Production Technician I,MA,1938.0,1972-11-09,M ,Widowed,US Citizen,White,2012-09-24,2012-09-26,hours,Voluntarily Terminated,Production       ,11.0,Pay Per Click,Fully Meets,3.08,4.0,0.0,,47,7,1,Very Low
1204033044.0,1.0,1.0,1.0,5.0,5.0,3.0,0.0,22.0,19.0,Production Technician I,MA,2421.0,1983-03-28,M ,Married,US Citizen,White,2013-04-01,2016-05-25,more money,Voluntarily Terminated,Production       ,11.0,Employee Referral,Fully Meets,3.18,3.0,0.0,,36,6,1,Low
1109029186.0,0.0,0.0,0.0,5.0,5.0,3.0,0.0,22.0,19.0,Production Technician I,MA,2176.0,1986-07-20,F,Single,US Citizen,White,2011-05-16,2015-10-25,medical issues,Voluntarily Terminated,Production       ,11.0,MBTA ads,Fully Meets,3.45,4.0,0.0,,33,8,1,Low
1206038000.0,1.0,1.0,1.0,5.0,5.0,3.0,0.0,24.0,19.0,Production Technician I,MA,1420.0,1974-01-07,M ,Married,US Citizen,Black or African American,2011-01-10,2016-01-26,attendance,Voluntarily Terminated,Production       ,11.0,Glassdoor,Fully Meets,5.0,3.0,0.0,,45,8,1,Moderate
1205033102.0,1.0,1.0,0.0,1.0,5.0,3.0,0.0,15.0,19.0,Production Technician I,MA,2149.0,1985-08-24,F,Married,US Citizen,White,2013-08-19,,N/A - still employed,Active,Production       ,11.0,Newspager/Magazine,Fully Meets,4.81,4.0,0.0,2019-02-15,34,6,0,Very Low
1404066739.0,0.0,0.0,0.0,5.0,5.0,3.0,0.0,20.0,19.0,Production Technician I,MA,2066.0,2065-05-09,F,Single,US Citizen,White,2011-07-05,2011-09-05,return to school,Voluntarily Terminated,Production       ,11.0,Billboard,Fully Meets,3.98,4.0,0.0,,46,8,1,Low
1101023839.0,1.0,1.0,1.0,5.0,5.0,3.0,0.0,21.0,19.0,Production Technician I,MA,2324.0,2065-09-09,M ,Married,Eligible NonCitizen,White,2011-05-16,2015-09-07,unhappy,Voluntarily Terminated,Production       ,11.0,Website Banner Ads,Fully Meets,5.0,3.0,0.0,,46,8,1,Low
1212051409.0,0.0,0.0,0.0,3.0,5.0,3.0,1.0,22.0,19.0,Production Technician I,MA,1902.0,1970-02-11,F,Single,US Citizen,Two or more races,2009-07-06,,N/A - still employed,Leave of Absence,Production       ,12.0,Diversity Job Fair,Fully Meets,4.46,3.0,0.0,2019-01-25,49,10,0,Low
1308060366.0,1.0,1.0,0.0,1.0,5.0,4.0,0.0,16.0,19.0,Production Technician I,MA,2031.0,1989-09-01,F,Married,US Citizen,White,2014-07-07,,N/A - still employed,Active,Production       ,12.0,Professional Society,Exceeds,5.0,3.0,0.0,2019-02-27,30,5,0,Very Low
1407069280.0,1.0,1.0,1.0,2.0,5.0,4.0,0.0,24.75,19.0,Production Technician I,MA,2134.0,1980-08-26,M ,Married,US Citizen,White,2016-07-06,,N/A - Has not started yet,Future Start,Production       ,12.0,Employee Referral,Exceeds,1.97,4.0,0.0,2019-02-28,39,3,1,Moderate
1209048696.0,1.0,1.0,0.0,1.0,5.0,2.0,0.0,22.0,19.0,Production Technician I,MA,2351.0,1978-12-02,F,Married,US Citizen,Black or African American,2013-01-07,,N/A - still employed,Active,Production       ,12.0,Pay Per Click - Google,Needs Improvement,3.88,4.0,0.0,2019-01-18,41,6,0,Low
1006020020.0,1.0,1.0,0.0,1.0,5.0,3.0,0.0,24.0,19.0,Production Technician I,MA,2155.0,1981-03-16,F,Married,US Citizen,White,2012-01-09,,N/A - still employed,Active,Production       ,12.0,Social Networks - Facebook Twitter etc,Fully Meets,5.0,5.0,0.0,2019-01-29,38,7,0,Moderate
1411071212.0,0.0,2.0,1.0,1.0,5.0,4.0,1.0,16.0,19.0,Production Technician I,MA,2108.0,1969-09-29,M ,Divorced,US Citizen,American Indian or Alaska Native,2011-07-11,,N/A - still employed,Active,Production       ,12.0,Diversity Job Fair,Exceeds,1.83,4.0,0.0,2019-02-18,50,8,0,Very Low
1408069882.0,0.0,0.0,0.0,1.0,5.0,3.0,0.0,16.0,19.0,Production Technician I,MA,1775.0,1991-01-28,F,Single,US Citizen,White,2013-08-19,,N/A - still employed,Active,Production       ,12.0,Professional Society,Fully Meets,3.99,3.0,0.0,2019-01-14,28,6,0,Very Low
1311062610.0,1.0,1.0,1.0,1.0,5.0,3.0,0.0,21.0,19.0,Production Technician I,MA,1801.0,1980-02-02,M ,Married,US Citizen,Asian,2011-01-10,,N/A - still employed,Active,Production       ,12.0,Pay Per Click - Google,Fully Meets,3.38,3.0,0.0,2019-01-21,39,8,0,Low
1308060754.0,1.0,1.0,0.0,1.0,5.0,3.0,0.0,23.0,19.0,Production Technician I,MA,2451.0,1974-11-07,F,Married,US Citizen,White,2013-11-11,,N/A - still employed,Active,Production       ,12.0,On-campus Recruiting,Fully Meets,1.04,3.0,0.0,2019-01-22,45,6,0,Moderate
1403066020.0,0.0,3.0,0.0,1.0,5.0,4.0,1.0,15.0,19.0,Production Technician I,MA,1810.0,2067-06-03,F,Separated,US Citizen,Asian,2013-04-01,,N/A - still employed,Active,Production       ,12.0,Diversity Job Fair,Exceeds,1.12,3.0,0.0,2019-02-13,48,6,0,Very Low
1305057440.0,1.0,1.0,1.0,5.0,5.0,3.0,0.0,18.0,19.0,Production Technician I,MA,2451.0,1988-03-06,M ,Married,US Citizen,White,2011-07-05,2012-11-30,more money,Voluntarily Terminated,Production       ,12.0,Search Engine - Google Bing Yahoo,Fully Meets,5.0,3.0,0.0,,31,8,1,Very Low
1011022887.0,0.0,4.0,1.0,1.0,5.0,4.0,0.0,17.0,19.0,Production Technician I,MA,1730.0,1985-01-28,M ,Widowed,US Citizen,White,2013-07-08,,N/A - still employed,Active,Production       ,12.0,Employee Referral,Exceeds,3.02,5.0,0.0,2019-02-11,34,6,0,Very Low
1410071137.0,1.0,1.0,0.0,1.0,5.0,1.0,0.0,16.0,19.0,Production Technician I,MA,2093.0,2068-07-20,F,Married,US Citizen,White,2012-02-20,,N/A - still employed,Active,Production       ,12.0,Billboard,PIP,4.11,2.0,0.0,2019-02-25,49,7,0,Very Low
1409070255.0,0.0,2.0,0.0,1.0,5.0,3.0,0.0,24.0,19.0,Production Technician I,MA,2093.0,2067-06-05,F,Divorced,US Citizen,Black or African American,2013-02-18,,N/A - still employed,Active,Production       ,12.0,Billboard,Fully Meets,4.21,5.0,0.0,2019-01-14,48,6,0,Moderate
1001268402.0,0.0,0.0,0.0,5.0,5.0,1.0,0.0,22.0,19.0,Production Technician I,MA,2458.0,1982-05-04,F,Single,US Citizen,Asian,2008-09-02,2015-09-29,Another position,Voluntarily Terminated,Production       ,12.0,Search Engine - Google Bing Yahoo,PIP,4.29,2.0,0.0,,37,11,1,Low
1307060083.0,1.0,1.0,0.0,5.0,5.0,3.0,1.0,17.0,19.0,Production Technician I,MA,1902.0,1974-01-12,F,Married,US Citizen,Hispanic,2011-01-10,2011-01-12,Another position,Voluntarily Terminated,Production       ,14.0,Diversity Job Fair,Fully Meets,1.79,4.0,0.0,,45,8,1,Very Low
1406068293.0,1.0,1.0,0.0,5.0,5.0,3.0,0.0,20.0,19.0,Production Technician I,MA,1701.0,1990-08-24,F,Married,US Citizen,White,2012-04-02,2013-06-15,Another position,Voluntarily Terminated,Production       ,14.0,Search Engine - Google Bing Yahoo,Fully Meets,3.35,4.0,0.0,,29,7,1,Low
1599991009.0,0.0,0.0,1.0,1.0,5.0,3.0,0.0,15.0,19.0,Production Technician I,MA,2452.0,1977-09-08,M ,Single,US Citizen,White,2013-07-08,,N/A - still employed,Active,Production       ,14.0,Employee Referral,Fully Meets,1.51,5.0,0.0,2019-01-14,42,6,0,Very Low
1202031618.0,0.0,0.0,0.0,1.0,5.0,3.0,0.0,16.75,19.0,Production Technician I,MA,2125.0,1986-10-07,F,Single,US Citizen,White,2012-04-02,,N/A - still employed,Active,Production       ,14.0,Monster.com,Fully Meets,2.79,5.0,0.0,2019-02-19,33,7,0,Very Low
1309061015.0,0.0,0.0,1.0,1.0,5.0,3.0,0.0,19.0,19.0,Production Technician I,MA,1905.0,1985-09-15,M ,Single,US Citizen,White,2015-03-30,,N/A - still employed,Active,Production       ,14.0,Employee Referral,Fully Meets,4.5,3.0,0.0,2019-02-18,34,4,0,Very Low
1106026579.0,1.0,1.0,1.0,1.0,5.0,3.0,0.0,15.0,19.0,Production Technician I,MA,2169.0,1979-05-21,M ,Married,US Citizen,White,2012-07-02,,N/A - still employed,Active,Production       ,14.0,MBTA ads,Fully Meets,5.0,3.0,0.0,2019-01-14,40,7,0,Very Low
1201031438.0,0.0,0.0,0.0,1.0,5.0,3.0,0.0,20.0,19.0,Production Technician I,MA,2081.0,1972-09-11,F,Single,US Citizen,White,2012-11-05,,N/A - still employed,Active,Production       ,14.0,Newspager/Magazine,Fully Meets,2.32,3.0,0.0,2019-01-17,47,7,0,Low
1304055987.0,1.0,1.0,1.0,1.0,5.0,3.0,0.0,17.0,19.0,Production Technician I,MA,2048.0,1986-12-09,M ,Married,US Citizen,White,2012-07-09,,N/A - still employed,Active,Production       ,14.0,Newspager/Magazine,Fully Meets,5.0,5.0,0.0,2019-02-04,33,7,0,Very Low
1401064327.0,1.0,1.0,0.0,1.0,5.0,3.0,0.0,20.0,19.0,Production Technician I,MA,2330.0,1977-11-22,F,Married,US Citizen,White,2011-05-31,,N/A - still employed,Active,Production       ,14.0,Other,Fully Meets,5.0,4.0,0.0,2019-01-10,42,8,0,Low
1203032357.0,0.0,0.0,0.0,1.0,5.0,3.0,0.0,19.0,19.0,Production Technician I,MA,2132.0,1984-07-07,F,Single,US Citizen,White,2013-07-08,,N/A - still employed,Active,Production       ,14.0,Vendor Referral,Fully Meets,2.79,5.0,0.0,2019-01-02,35,6,0,Very Low
1001735072.0,0.0,0.0,1.0,1.0,5.0,3.0,0.0,17.0,19.0,Production Technician I,MA,2451.0,1981-11-23,M ,Single,US Citizen,Black or African American,2007-11-05,,N/A - still employed,Active,Production       ,14.0,Search Engine - Google Bing Yahoo,Fully Meets,3.66,3.0,0.0,2019-02-25,38,12,0,Very Low
710007555.0,0.0,3.0,0.0,1.0,5.0,3.0,0.0,17.0,19.0,Production Technician I,MA,1886.0,1974-12-05,F,Separated,US Citizen,White,2014-01-06,,N/A - still employed,Active,Production       ,14.0,Website Banner Ads,Fully Meets,5.0,4.0,0.0,2019-01-31,45,5,0,Very Low
1405067138.0,0.0,2.0,0.0,5.0,5.0,4.0,0.0,21.0,19.0,Production Technician I,MA,2359.0,1973-03-26,F,Divorced,US Citizen,White,2013-05-13,2015-06-29,unhappy,Voluntarily Terminated,Production       ,14.0,MBTA ads,Exceeds,1.97,4.0,0.0,,46,6,1,Low
1012023152.0,0.0,0.0,0.0,1.0,5.0,2.0,0.0,22.0,19.0,Production Technician I,MA,2021.0,1983-05-16,F,Single,US Citizen,White,2014-02-17,,N/A - still employed,Active,Production       ,14.0,Professional Society,Needs Improvement,2.44,5.0,0.0,2019-02-11,36,5,0,Low
1211051232.0,0.0,4.0,0.0,1.0,5.0,3.0,0.0,15.0,19.0,Production Technician I,MA,1730.0,1978-08-17,F,Widowed,US Citizen,Asian,2014-09-29,,N/A - still employed,Active,Production       ,14.0,On-campus Recruiting,Fully Meets,1.24,5.0,0.0,2019-01-30,41,5,0,Very Low
1011022883.0,1.0,1.0,0.0,1.0,5.0,3.0,0.0,21.0,19.0,Production Technician I,MA,1886.0,1988-09-27,F,Married,US Citizen,White,2008-01-07,,N/A - still employed,Active,Production       ,16.0,Billboard,Fully Meets,4.84,5.0,0.0,2019-01-03,31,11,0,Low
1403066194.0,0.0,0.0,0.0,1.0,5.0,3.0,0.0,22.0,19.0,Production Technician I,MA,1915.0,1970-10-27,F,Single,Eligible NonCitizen,White,2011-04-04,,N/A - still employed,Active,Production       ,16.0,Search Engine - Google Bing Yahoo,Fully Meets,5.0,5.0,0.0,2019-01-14,49,8,0,Low
1305057282.0,0.0,0.0,0.0,1.0,5.0,3.0,0.0,19.5,19.0,Production Technician I,MA,2170.0,1979-02-12,F,Single,US Citizen,White,2014-05-12,,N/A - still employed,Active,Production       ,16.0,Internet Search,Fully Meets,2.73,4.0,0.0,2019-02-19,40,5,0,Low
1001109612.0,1.0,1.0,0.0,1.0,5.0,3.0,0.0,15.0,19.0,Production Technician I,MA,2110.0,1978-11-05,F,Married,US Citizen,White,2012-07-02,,N/A - still employed,Active,Production       ,16.0,Billboard,Fully Meets,5.0,3.0,0.0,2019-02-25,41,7,0,Very Low
1107027392.0,0.0,0.0,0.0,4.0,5.0,2.0,0.0,18.0,19.0,Production Technician I,MA,2458.0,1989-05-06,F,Single,US Citizen,White,2014-02-17,2014-02-25,"no-call, no-show",Terminated for Cause,Production       ,16.0,Word of Mouth,Needs Improvement,1.04,3.0,0.0,,30,5,1,Very Low
1308060622.0,0.0,2.0,0.0,5.0,5.0,3.0,1.0,22.0,19.0,Production Technician I,MA,2330.0,1970-05-15,F,Divorced,US Citizen,White,2011-11-07,2011-11-15,hours,Voluntarily Terminated,Production       ,16.0,Diversity Job Fair,Fully Meets,4.24,4.0,0.0,,49,8,1,Low
1406068241.0,1.0,1.0,1.0,1.0,5.0,3.0,0.0,21.0,19.0,Production Technician I,MA,1776.0,1982-09-02,M ,Married,US Citizen,Asian,2012-05-14,,N/A - still employed,Active,Production       ,16.0,Search Engine - Google Bing Yahoo,Fully Meets,1.83,3.0,0.0,2019-02-22,37,7,0,Low
1107027450.0,1.0,1.0,0.0,5.0,5.0,3.0,0.0,21.0,19.0,Production Technician I,MA,2446.0,1986-04-17,F,Married,US Citizen,White,2011-01-10,2016-04-01,unhappy,Voluntarily Terminated,Production       ,16.0,Monster.com,Fully Meets,4.0,4.0,0.0,,33,8,1,Low
1101023353.0,1.0,1.0,0.0,3.0,5.0,3.0,0.0,20.0,19.0,Production Technician I,MA,2122.0,1975-10-22,F,Married,US Citizen,Black or African American,2015-02-16,,N/A - still employed,Leave of Absence,Production       ,16.0,Website Banner Ads,Fully Meets,5.0,3.0,0.0,2019-01-23,44,4,0,Low
1102024121.0,0.0,2.0,0.0,1.0,5.0,3.0,0.0,15.0,19.0,Production Technician I,MA,2453.0,1984-07-07,F,Divorced,US Citizen,White,2013-04-01,,N/A - still employed,Active,Production       ,16.0,MBTA ads,Fully Meets,1.76,4.0,0.0,2019-01-17,35,6,0,Very Low
1109029531.0,1.0,1.0,0.0,5.0,5.0,3.0,0.0,18.0,19.0,Production Technician I,MA,2351.0,1979-05-01,F,Married,US Citizen,White,2011-02-07,2014-01-12,Another position,Voluntarily Terminated,Production       ,16.0,Social Networks - Facebook Twitter etc,Fully Meets,3.89,4.0,0.0,,40,8,1,Very Low
1211050793.0,0.0,2.0,1.0,5.0,5.0,3.0,0.0,20.0,19.0,Production Technician I,MA,2176.0,1982-07-22,M ,Divorced,US Citizen,White,2011-05-16,2016-01-15,retiring,Voluntarily Terminated,Production       ,16.0,Professional Society,Fully Meets,5.0,4.0,0.0,,37,8,1,Low
1302053362.0,1.0,1.0,0.0,1.0,5.0,3.0,0.0,21.0,19.0,Production Technician I,MA,2154.0,1988-07-10,F,Married,US Citizen,Black or African American,2014-09-29,,N/A - still employed,Active,Production       ,16.0,On-campus Recruiting,Fully Meets,3.51,3.0,0.0,2019-02-18,31,5,0,Low
1407069061.0,0.0,0.0,0.0,1.0,5.0,3.0,0.0,14.0,19.0,Production Technician I,MA,2718.0,2068-08-15,F,Single,Eligible NonCitizen,Asian,2012-05-14,,N/A - still employed,Active,Production       ,16.0,Glassdoor,Fully Meets,2.77,5.0,0.0,2019-01-31,49,7,0,Very Low
1101023619.0,0.0,0.0,0.0,5.0,5.0,2.0,0.0,15.0,19.0,Production Technician I,MA,1887.0,1980-08-02,F,Single,US Citizen,White,2012-08-13,2015-09-01,career change,Voluntarily Terminated,Production       ,16.0,Monster.com,Needs Improvement,1.27,3.0,0.0,,39,7,1,Very Low
1101023679.0,0.0,0.0,1.0,1.0,5.0,3.0,0.0,16.76,19.0,Production Technician I,MA,1810.0,1983-07-20,M ,Single,US Citizen,Two or more races,2012-02-20,,N/A - still employed,Active,Production       ,18.0,Social Networks - Facebook Twitter etc,Fully Meets,1.41,4.0,0.0,2019-02-14,36,7,0,Very Low
1311063114.0,0.0,0.0,1.0,1.0,5.0,3.0,0.0,20.0,19.0,Production Technician I,MA,1701.0,1983-02-02,M ,Single,US Citizen,Black or African American,2014-03-31,,N/A - still employed,Active,Production       ,18.0,MBTA ads,Fully Meets,4.43,3.0,0.0,2019-02-01,36,5,0,Low
1403066069.0,1.0,1.0,0.0,1.0,5.0,3.0,0.0,15.75,19.0,Production Technician I,MA,2189.0,1977-03-31,F,Married,US Citizen,White,2015-01-05,,N/A - still employed,Active,Production       ,18.0,Billboard,Fully Meets,4.73,5.0,0.0,2019-02-14,42,4,0,Very Low
1007020403.0,0.0,0.0,1.0,1.0,5.0,3.0,0.0,21.25,19.0,Production Technician I,MA,2026.0,1974-05-31,M ,Single,US Citizen,White,2014-11-10,,N/A - still employed,Active,Production       ,18.0,MBTA ads,Fully Meets,1.86,5.0,0.0,2019-02-13,45,5,0,Low
1101023612.0,1.0,1.0,1.0,1.0,5.0,3.0,0.0,21.0,19.0,Production Technician I,MA,2045.0,1978-08-25,M ,Married,US Citizen,White,2014-03-31,,N/A - still employed,Active,Production       ,18.0,Employee Referral,Fully Meets,2.05,3.0,0.0,2019-01-11,41,5,0,Low
1105026041.0,0.0,0.0,0.0,1.0,5.0,3.0,0.0,24.0,19.0,Production Technician I,MA,2121.0,1983-12-02,F,Single,US Citizen,Black or African American,2011-05-16,,N/A - still employed,Active,Production       ,18.0,MBTA ads,Fully Meets,1.66,4.0,0.0,2019-02-26,36,8,0,Moderate
1103024859.0,0.0,2.0,0.0,5.0,5.0,3.0,0.0,14.0,19.0,Production Technician I,MA,2176.0,1983-05-21,F,Divorced,US Citizen,White,2011-02-21,2014-01-11,more money,Voluntarily Terminated,Production       ,18.0,Monster.com,Fully Meets,5.0,5.0,0.0,,36,8,1,Very Low
1412071713.0,0.0,3.0,0.0,1.0,5.0,3.0,0.0,19.0,19.0,Production Technician I,MA,2109.0,2064-04-13,F,Separated,US Citizen,White,2014-01-06,,N/A - still employed,Active,Production       ,18.0,On-campus Recruiting,Fully Meets,5.0,5.0,0.0,2019-01-21,45,5,0,Very Low
1107027575.0,0.0,0.0,1.0,4.0,5.0,3.0,0.0,15.0,19.0,Production Technician I,MA,2050.0,1981-10-18,M ,Single,US Citizen,White,2011-02-21,2011-08-04,attendance,Terminated for Cause,Production       ,18.0,Social Networks - Facebook Twitter etc,Fully Meets,5.0,4.0,0.0,,38,8,1,Very Low
1409070245.0,0.0,0.0,0.0,5.0,5.0,3.0,1.0,14.0,19.0,Production Technician I,MA,1760.0,2068-05-30,F,Single,US Citizen,Black or African American,2012-04-02,2015-11-11,Another position,Voluntarily Terminated,Production       ,18.0,Diversity Job Fair,Fully Meets,4.18,4.0,0.0,,49,7,1,Very Low
1404066949.0,1.0,1.0,1.0,1.0,5.0,4.0,0.0,16.0,19.0,Production Technician I,MA,2478.0,1976-12-11,M ,Married,US Citizen,White,2013-09-30,,N/A - still employed,Active,Production       ,18.0,On-campus Recruiting,Exceeds,2.86,3.0,0.0,2019-02-07,43,6,0,Very Low
1401064562.0,0.0,0.0,1.0,1.0,5.0,3.0,0.0,16.0,19.0,Production Technician I,MA,2109.0,2061-06-19,M ,Single,US Citizen,White,2014-01-06,,N/A - still employed,Active,Production       ,18.0,Employee Referral,Fully Meets,2.45,3.0,0.0,2019-01-07,42,5,0,Very Low
1410070998.0,0.0,0.0,0.0,2.0,5.0,2.0,1.0,20.0,19.0,Production Technician I,MA,1801.0,2068-06-06,F,Single,US Citizen,Black or African American,2016-07-04,,N/A - Has not started yet,Future Start,Production       ,18.0,Diversity Job Fair,Needs Improvement,1.12,4.0,0.0,2019-02-18,49,3,1,Low
1106026896.0,1.0,1.0,1.0,1.0,5.0,3.0,0.0,22.0,19.0,Production Technician I,MA,2301.0,1985-03-14,M ,Married,US Citizen,Asian,2014-02-17,,N/A - still employed,Active,Production       ,18.0,On-campus Recruiting,Fully Meets,1.39,3.0,0.0,2019-01-11,34,5,0,Low
1011022814.0,1.0,1.0,0.0,4.0,5.0,4.0,0.0,21.0,19.0,Production Technician I,MA,2747.0,1986-06-03,F,Married,US Citizen,White,2011-09-26,2016-02-08,gross misconduct,Terminated for Cause,Production       ,18.0,Social Networks - Facebook Twitter etc,Exceeds,2.79,5.0,0.0,,33,8,1,Low
1301052124.0,0.0,4.0,1.0,1.0,5.0,3.0,0.0,22.0,19.0,Production Technician I,MA,2199.0,1983-02-18,M ,Widowed,US Citizen,White,2013-09-30,,N/A - still employed,Active,Production       ,19.0,Employee Referral,Fully Meets,5.0,4.0,0.0,2019-02-25,36,6,0,Low
1412071844.0,0.0,2.0,0.0,1.0,5.0,3.0,0.0,22.0,19.0,Production Technician I,MA,2027.0,2058-12-27,F,Divorced,US Citizen,Asian,2013-08-19,,N/A - still employed,Active,Production       ,19.0,Billboard,Fully Meets,2.39,3.0,0.0,2019-01-10,40,6,0,Low
1012023295.0,0.0,0.0,0.0,1.0,5.0,3.0,0.0,22.0,19.0,Production Technician I,MA,2044.0,1988-05-31,F,Single,Non-Citizen,Black or African American,2011-10-03,,N/A - still employed,Active,Production       ,19.0,Pay Per Click - Google,Fully Meets,3.58,5.0,0.0,2019-01-30,31,8,0,Low
706006285.0,0.0,0.0,1.0,1.0,5.0,3.0,0.0,21.0,19.0,Production Technician I,MA,2180.0,1982-11-15,M ,Single,US Citizen,White,2014-05-12,,N/A - still employed,Active,Production       ,19.0,Pay Per Click - Google,Fully Meets,1.13,4.0,0.0,2019-02-19,37,5,0,Low
803009012.0,0.0,0.0,0.0,1.0,5.0,3.0,0.0,23.0,19.0,Production Technician I,MA,2176.0,1986-06-10,F,Single,US Citizen,White,2012-02-20,,N/A - still employed,Active,Production       ,19.0,Newspager/Magazine,Fully Meets,1.85,4.0,0.0,2019-01-07,33,7,0,Moderate
1408069539.0,0.0,0.0,0.0,1.0,5.0,3.0,0.0,17.0,19.0,Production Technician I,MA,2451.0,1992-06-18,F,Single,US Citizen,White,2013-11-11,,N/A - still employed,Active,Production       ,19.0,Glassdoor,Fully Meets,1.94,5.0,0.0,2019-02-18,27,6,0,Very Low
1002017900.0,0.0,0.0,1.0,1.0,5.0,3.0,0.0,19.0,19.0,Production Technician I,MA,2149.0,1984-01-04,M ,Single,US Citizen,White,2012-08-13,,N/A - still employed,Active,Production       ,19.0,Social Networks - Facebook Twitter etc,Fully Meets,4.17,4.0,0.0,2019-02-11,35,7,0,Very Low
1304055683.0,0.0,0.0,1.0,1.0,5.0,3.0,0.0,14.0,19.0,Production Technician I,MA,1721.0,1977-11-10,M ,Single,US Citizen,Black or African American,2014-02-17,,N/A - still employed,Active,Production       ,19.0,On-campus Recruiting,Fully Meets,2.79,3.0,0.0,2019-02-06,42,5,0,Very Low
1209049259.0,0.0,0.0,0.0,1.0,5.0,3.0,0.0,17.0,19.0,Production Technician I,MA,2189.0,1986-07-07,F,Single,US Citizen,White,2014-01-06,,N/A - still employed,Active,Production       ,19.0,Newspager/Magazine,Fully Meets,2.55,4.0,0.0,2019-02-26,33,5,0,Very Low
1302053044.0,1.0,1.0,1.0,3.0,5.0,3.0,0.0,21.0,19.0,Production Technician I,MA,2136.0,1977-04-08,M ,Married,US Citizen,White,2014-05-12,,N/A - still employed,Leave of Absence,Production       ,19.0,On-campus Recruiting,Fully Meets,5.0,5.0,0.0,2019-02-18,42,5,0,Low
1307059944.0,1.0,1.0,0.0,1.0,5.0,3.0,0.0,17.0,19.0,Production Technician I,MA,1749.0,1973-09-23,F,Married,US Citizen,White,2010-04-26,,N/A - still employed,Active,Production       ,19.0,Search Engine - Google Bing Yahoo,Fully Meets,2.72,3.0,0.0,2019-01-21,46,9,0,Very Low
1403065625.0,1.0,1.0,0.0,4.0,5.0,2.0,0.0,16.0,19.0,Production Technician I,MA,1460.0,1985-01-07,F,Married,US Citizen,White,2011-01-10,2016-05-17,attendance,Terminated for Cause,Production       ,19.0,Glassdoor,Needs Improvement,3.6,3.0,0.0,,34,8,1,Very Low
1501071909.0,0.0,0.0,0.0,1.0,5.0,3.0,0.0,24.5,19.0,Production Technician I,MA,2130.0,2065-02-02,F,Single,US Citizen,White,2013-11-11,,N/A - still employed,Active,Production       ,19.0,Employee Referral,Fully Meets,3.73,3.0,0.0,2019-01-24,46,6,0,Moderate
1103024504.0,0.0,2.0,0.0,5.0,5.0,3.0,0.0,20.0,19.0,Production Technician I,MA,1876.0,1983-07-30,F,Divorced,US Citizen,White,2011-01-10,2011-05-14,Another position,Voluntarily Terminated,Production       ,19.0,Social Networks - Facebook Twitter etc,Fully Meets,2.81,5.0,0.0,,36,8,1,Low
1308060671.0,0.0,0.0,0.0,5.0,5.0,3.0,1.0,16.0,19.0,Production Technician I,MA,2109.0,1969-10-02,F,Single,US Citizen,Two or more races,2012-01-09,2015-06-27,relocation out of area,Voluntarily Terminated,Production       ,19.0,Diversity Job Fair,Fully Meets,1.44,4.0,0.0,,50,7,1,Very Low
1312063507.0,1.0,1.0,1.0,5.0,5.0,3.0,1.0,22.0,19.0,Production Technician I,MA,2062.0,1974-02-21,M ,Married,US Citizen,Asian,2012-04-02,2012-09-19,unhappy,Voluntarily Terminated,Production       ,20.0,Diversity Job Fair,Fully Meets,1.98,3.0,0.0,,45,7,1,Low
1408069635.0,0.0,3.0,0.0,3.0,5.0,3.0,1.0,20.0,19.0,Production Technician I,MA,2043.0,1969-10-30,F,Separated,US Citizen,Black or African American,2013-11-11,,N/A - still employed,Leave of Absence,Production       ,20.0,Diversity Job Fair,Fully Meets,2.83,5.0,0.0,2019-01-21,50,6,0,Low
1001450968.0,0.0,0.0,1.0,4.0,5.0,2.0,0.0,15.0,19.0,Production Technician I,MA,1880.0,1979-08-12,M ,Single,US Citizen,Black or African American,2011-07-11,2012-09-23,performance,Terminated for Cause,Production       ,20.0,MBTA ads,Needs Improvement,1.42,3.0,0.0,,40,8,1,Very Low
1406067865.0,1.0,1.0,0.0,5.0,5.0,3.0,0.0,17.0,19.0,Production Technician I,MA,2343.0,1991-09-05,F,Married,US Citizen,White,2011-04-04,2013-06-06,military,Voluntarily Terminated,Production       ,20.0,Search Engine - Google Bing Yahoo,Fully Meets,5.0,3.0,0.0,,28,8,1,Very Low
1104025414.0,0.0,0.0,1.0,1.0,5.0,3.0,0.0,18.0,19.0,Production Technician I,MA,1550.0,1980-04-18,M ,Single,US Citizen,Asian,2013-07-08,,N/A - still employed,Active,Production       ,20.0,Professional Society,Fully Meets,2.61,4.0,0.0,2019-01-22,39,6,0,Very Low
1312063675.0,1.0,1.0,0.0,3.0,5.0,3.0,0.0,24.0,19.0,Production Technician I,MA,1864.0,1974-10-09,F,Married,US Citizen,Asian,2013-08-19,,N/A - still employed,Leave of Absence,Production       ,20.0,On-campus Recruiting,Fully Meets,1.71,5.0,0.0,2019-02-15,45,6,0,Moderate
1503072857.0,0.0,2.0,0.0,1.0,5.0,3.0,0.0,21.0,19.0,Production Technician I,MA,1778.0,2066-03-22,F,Divorced,US Citizen,White,2013-09-30,,N/A - still employed,Active,Production       ,20.0,Employee Referral,Fully Meets,2.05,5.0,0.0,2019-02-22,47,6,0,Low
1408069409.0,0.0,0.0,0.0,5.0,5.0,3.0,0.0,19.0,19.0,Production Technician I,MA,1810.0,1979-01-17,F,Single,US Citizen,Asian,2011-09-26,2013-08-19,return to school,Voluntarily Terminated,Production       ,20.0,Monster.com,Fully Meets,4.88,3.0,0.0,,40,8,1,Very Low
909015167.0,1.0,1.0,0.0,1.0,5.0,3.0,0.0,24.0,19.0,Production Technician I,MA,2184.0,1987-01-07,F,Married,US Citizen,Black or African American,2013-01-07,,N/A - still employed,Active,Production       ,20.0,Monster.com,Fully Meets,3.93,3.0,0.0,2019-01-30,32,6,0,Moderate
1206044851.0,0.0,0.0,0.0,4.0,5.0,1.0,0.0,18.5,19.0,Production Technician I,MA,2152.0,1980-09-30,F,Single,US Citizen,Two or more races,2014-03-31,2016-05-01,performance,Terminated for Cause,Production       ,20.0,Professional Society,PIP,3.09,2.0,0.0,,39,5,1,Very Low
1102024274.0,0.0,2.0,0.0,5.0,5.0,3.0,0.0,19.0,19.0,Production Technician I,MA,1742.0,1984-10-15,F,Divorced,Eligible NonCitizen,Asian,2011-05-16,2011-06-04,Another position,Voluntarily Terminated,Production       ,20.0,Social Networks - Facebook Twitter etc,Fully Meets,3.17,4.0,0.0,,35,8,1,Very Low
1011022926.0,0.0,2.0,0.0,5.0,5.0,3.0,0.0,16.0,19.0,Production Technician I,MA,2474.0,1970-09-22,F,Divorced,US Citizen,White,2012-09-24,2013-06-18,unhappy,Voluntarily Terminated,Production       ,20.0,Billboard,Fully Meets,1.5,5.0,0.0,,49,7,1,Very Low
1405067492.0,0.0,0.0,1.0,5.0,5.0,3.0,0.0,18.0,19.0,Production Technician I,MA,2155.0,1987-03-18,M ,Single,US Citizen,White,2011-04-04,2012-08-13,Another position,Voluntarily Terminated,Production       ,20.0,Search Engine - Google Bing Yahoo,Fully Meets,5.0,5.0,0.0,,32,8,1,Very Low
1111030244.0,0.0,2.0,0.0,1.0,5.0,3.0,0.0,14.0,19.0,Production Technician I,MA,2050.0,1982-08-25,F,Divorced,US Citizen,Two or more races,2011-01-10,,N/A - still employed,Active,Production       ,20.0,Word of Mouth,Fully Meets,1.05,4.0,0.0,2019-02-07,37,8,0,Very Low
1203032235.0,0.0,2.0,1.0,5.0,5.0,4.0,0.0,19.0,19.0,Production Technician I,MA,2171.0,1987-01-31,M ,Divorced,US Citizen,White,2012-08-13,2016-02-05,maternity leave - did not return,Voluntarily Terminated,Production       ,20.0,Information Session,Exceeds,3.84,5.0,0.0,,32,7,1,Very Low
1409070522.0,0.0,0.0,1.0,1.0,5.0,4.0,0.0,20.0,19.0,Production Technician I,MA,1960.0,1983-07-10,M ,Single,US Citizen,White,2011-07-05,,N/A - still employed,Active,Production       ,22.0,MBTA ads,Exceeds,2.51,5.0,0.0,2019-01-17,36,8,0,Low
1212051962.0,0.0,2.0,1.0,5.0,5.0,3.0,0.0,18.0,19.0,Production Technician I,MA,2747.0,1977-07-15,M ,Divorced,US Citizen,White,2012-09-24,2013-04-06,Another position,Voluntarily Terminated,Production       ,22.0,On-line Web application,Fully Meets,5.0,5.0,0.0,,42,7,1,Very Low
1208048062.0,0.0,0.0,0.0,1.0,5.0,3.0,0.0,16.0,19.0,Production Technician I,MA,2763.0,2051-01-02,F,Single,US Citizen,White,2014-09-29,,N/A - still employed,Active,Production       ,22.0,Search Engine - Google Bing Yahoo,Fully Meets,5.0,4.0,0.0,2019-02-12,32,5,0,Very Low
1311063172.0,0.0,0.0,0.0,2.0,5.0,3.0,0.0,19.75,19.0,Production Technician I,MA,1821.0,1987-04-10,F,Single,US Citizen,White,2016-07-06,,N/A - Has not started yet,Future Start,Production       ,22.0,Newspager/Magazine,Fully Meets,4.12,5.0,0.0,2019-01-28,32,3,1,Low
1104025243.0,0.0,0.0,1.0,4.0,5.0,2.0,0.0,17.0,19.0,Production Technician I,MA,2129.0,1983-09-02,M ,Single,US Citizen,White,2012-04-02,2014-09-27,attendance,Terminated for Cause,Production       ,22.0,Word of Mouth,Needs Improvement,5.0,4.0,0.0,,36,7,1,Very Low
1501072192.0,1.0,1.0,0.0,1.0,5.0,3.0,0.0,19.0,19.0,Production Technician I,MA,2145.0,1990-10-01,F,Married,US Citizen,Black or African American,2015-03-30,,N/A - still employed,Active,Production       ,22.0,Professional Society,Fully Meets,3.73,3.0,0.0,2019-01-16,29,4,0,Very Low
1405067064.0,1.0,1.0,0.0,1.0,5.0,3.0,0.0,24.0,19.0,Production Technician I,MA,2127.0,1977-03-23,F,Married,US Citizen,White,2011-11-28,,N/A - still employed,Active,Production       ,22.0,Word of Mouth,Fully Meets,4.2,4.0,0.0,2019-02-22,42,8,0,Moderate
1105025721.0,1.0,1.0,1.0,5.0,5.0,4.0,0.0,17.0,19.0,Production Technician I,MA,2445.0,2059-08-19,M ,Married,US Citizen,White,2011-11-07,2016-04-29,more money,Voluntarily Terminated,Production       ,22.0,Monster.com,Exceeds,1.65,4.0,0.0,,40,8,1,Very Low
1301052462.0,0.0,0.0,1.0,1.0,5.0,3.0,0.0,19.0,19.0,Production Technician I,MA,1887.0,1976-01-19,M ,Single,US Citizen,White,2013-09-30,,N/A - still employed,Active,Production       ,22.0,Billboard,Fully Meets,3.07,4.0,0.0,2019-01-23,43,6,0,Very Low
1206042315.0,1.0,1.0,0.0,5.0,5.0,3.0,0.0,15.25,19.0,Production Technician I,MA,1886.0,1981-03-26,F,Married,US Citizen,White,2011-07-05,2011-09-26,unhappy,Voluntarily Terminated,Production       ,22.0,Internet Search,Fully Meets,3.18,4.0,0.0,,38,8,1,Very Low
1109029256.0,0.0,0.0,0.0,1.0,5.0,3.0,0.0,20.0,19.0,Production Technician I,MA,2346.0,1976-09-22,F,Single,US Citizen,White,2015-03-30,,N/A - still employed,Active,Production       ,22.0,Monster.com,Fully Meets,5.0,4.0,0.0,2019-01-21,43,4,0,Low
1103024335.0,0.0,0.0,1.0,1.0,5.0,2.0,0.0,22.0,19.0,Production Technician I,MA,1760.0,1979-11-24,M ,Single,US Citizen,Black or African American,2014-02-17,,N/A - still employed,Active,Production       ,22.0,MBTA ads,Needs Improvement,4.25,3.0,0.0,2019-02-04,40,5,0,Low
1208048229.0,0.0,2.0,1.0,5.0,5.0,3.0,0.0,21.0,19.0,Production Technician I,MA,2478.0,1984-12-31,M ,Divorced,US Citizen,White,2011-09-26,2012-04-07,more money,Voluntarily Terminated,Production       ,22.0,Pay Per Click - Google,Fully Meets,3.8,5.0,0.0,,34,8,1,Low
1308060535.0,0.0,0.0,1.0,5.0,5.0,3.0,0.0,21.0,19.0,Production Technician I,MA,2148.0,1974-12-21,M ,Single,US Citizen,White,2009-01-05,2010-07-30,relocation out of area,Voluntarily Terminated,Production       ,22.0,Word of Mouth,Fully Meets,1.53,5.0,0.0,,44,10,1,Low
1201031310.0,1.0,1.0,1.0,1.0,5.0,3.0,0.0,19.0,19.0,Production Technician I,MA,2747.0,1982-10-07,M ,Married,US Citizen,White,2015-01-05,,N/A - still employed,Active,Production       ,22.0,Word of Mouth,Fully Meets,4.36,5.0,0.0,2019-01-24,37,4,0,Very Low
1106026474.0,0.0,0.0,0.0,2.0,5.0,3.0,0.0,20.0,19.0,Production Technician I,MA,2124.0,1985-04-06,F,Single,US Citizen,White,2015-07-05,,N/A - Has not started yet,Future Start,Production       ,22.0,Newspager/Magazine,Fully Meets,3.21,3.0,0.0,2019-01-29,34,4,1,Low
1001417624.0,0.0,2.0,0.0,5.0,5.0,3.0,0.0,16.0,19.0,Production Technician I,MA,2169.0,1989-09-08,F,Divorced,US Citizen,White,2011-07-11,2011-09-06,return to school,Voluntarily Terminated,Production       ,39.0,Word of Mouth,Fully Meets,5.0,4.0,0.0,,30,8,1,Very Low
1110029777.0,0.0,0.0,1.0,3.0,5.0,3.0,0.0,17.0,19.0,Production Technician I,MA,2452.0,1979-04-06,M ,Single,US Citizen,Asian,2013-07-08,,N/A - still employed,Leave of Absence,Production       ,,MBTA ads,Fully Meets,1.09,4.0,0.0,2019-01-11,40,6,0,Very Low
1111030129.0,0.0,0.0,1.0,1.0,5.0,3.0,0.0,22.0,19.0,Production Technician I,MA,1845.0,1983-08-24,M ,Single,US Citizen,White,2013-07-08,,N/A - still employed,Active,Production       ,,Newspager/Magazine,Fully Meets,3.8,5.0,0.0,2019-01-14,36,6,0,Low
1306058816.0,1.0,1.0,1.0,5.0,5.0,3.0,0.0,23.5,19.0,Production Technician I,MA,1810.0,1977-10-31,M ,Married,US Citizen,White,2011-05-16,2015-06-08,unhappy,Voluntarily Terminated,Production       ,39.0,Billboard,Fully Meets,5.0,4.0,0.0,,42,8,1,Moderate
1502072511.0,1.0,1.0,0.0,5.0,5.0,3.0,0.0,20.0,19.0,Production Technician I,MA,2176.0,2055-04-14,F,Married,US Citizen,White,2011-11-07,2014-05-17,military,Voluntarily Terminated,Production       ,39.0,Search Engine - Google Bing Yahoo,Fully Meets,3.13,3.0,0.0,,36,8,1,Low
1008020960.0,1.0,1.0,1.0,5.0,5.0,2.0,1.0,15.0,19.0,Production Technician I,MA,2062.0,1974-08-09,M ,Married,US Citizen,Black or African American,2012-04-02,2015-06-25,military,Voluntarily Terminated,Production       ,39.0,Diversity Job Fair,Needs Improvement,3.97,4.0,0.0,,45,7,1,Very Low
1110029602.0,0.0,0.0,0.0,5.0,5.0,3.0,0.0,19.75,19.0,Production Technician I,MA,2324.0,2052-08-18,F,Single,US Citizen,White,2012-01-09,2015-12-15,retiring,Voluntarily Terminated,Production       ,39.0,Monster.com,Fully Meets,4.64,4.0,0.0,,33,7,1,Low
710007401.0,1.0,1.0,0.0,5.0,5.0,3.0,0.0,22.0,19.0,Production Technician I,MA,2170.0,1973-12-08,F,Married,US Citizen,White,2011-09-26,2015-06-04,more money,Voluntarily Terminated,Production       ,39.0,Search Engine - Google Bing Yahoo,Fully Meets,3.6,5.0,0.0,,46,8,1,Low
1001138521.0,0.0,0.0,0.0,5.0,5.0,4.0,1.0,19.0,19.0,Production Technician I,MA,1844.0,1973-02-14,F,Single,US Citizen,Two or more races,2011-11-07,2015-11-14,Another position,Voluntarily Terminated,Production       ,39.0,Diversity Job Fair,Exceeds,5.0,4.0,0.0,,46,8,1,Very Low
1204033041.0,0.0,0.0,1.0,5.0,5.0,3.0,1.0,18.0,19.0,Production Technician I,MA,2110.0,1989-05-02,M ,Single,US Citizen,Black or African American,2011-09-26,2014-04-04,return to school,Voluntarily Terminated,Production       ,39.0,Diversity Job Fair,Fully Meets,2.61,3.0,0.0,,30,8,1,Very Low
1307060058.0,0.0,0.0,1.0,5.0,5.0,2.0,0.0,24.0,19.0,Production Technician I,MA,2458.0,1988-03-17,M ,Single,US Citizen,Black or African American,2011-01-10,2012-12-28,career change,Voluntarily Terminated,Production       ,39.0,Search Engine - Google Bing Yahoo,Needs Improvement,3.54,5.0,0.0,,31,8,1,Moderate
1405067642.0,1.0,1.0,0.0,1.0,5.0,4.0,0.0,22.0,19.0,Production Technician I,MA,2171.0,1973-01-12,F,Married,US Citizen,Asian,2011-11-28,,N/A - still employed,Active,Production       ,,Search Engine - Google Bing Yahoo,Exceeds,4.36,5.0,0.0,2019-02-11,46,8,0,Low
807010161.0,0.0,0.0,0.0,3.0,5.0,3.0,0.0,15.2,19.0,Production Technician I,MA,2191.0,1975-03-10,F,Single,US Citizen,Asian,2013-09-30,,N/A - still employed,Leave of Absence,Production       ,,Search Engine - Google Bing Yahoo,Fully Meets,5.0,5.0,0.0,2019-02-21,44,6,0,Very Low
1405067501.0,1.0,1.0,0.0,5.0,5.0,3.0,1.0,15.0,19.0,Production Technician I,MA,1801.0,1975-04-03,F,Married,Non-Citizen,Two or more races,2009-04-27,2013-04-01,Another position,Voluntarily Terminated,Production       ,39.0,Diversity Job Fair,Fully Meets,2.52,5.0,0.0,,44,10,1,Very Low
1307060212.0,0.0,0.0,1.0,5.0,5.0,3.0,0.0,23.0,19.0,Production Technician I,MA,2030.0,1987-05-24,M ,Single,US Citizen,White,2011-01-10,2011-05-15,hours,Voluntarily Terminated,Production       ,39.0,Newspager/Magazine,Fully Meets,5.0,5.0,0.0,,32,8,1,Moderate
1011022820.0,0.0,0.0,0.0,1.0,5.0,3.0,0.0,25.0,20.0,Production Technician II,MA,2148.0,1980-03-02,F,Single,US Citizen,Black or African American,2012-03-05,,N/A - still employed,Active,Production       ,11.0,Employee Referral,Fully Meets,4.51,4.0,0.0,2019-02-21,39,7,0,Moderate
1109029103.0,0.0,0.0,1.0,5.0,5.0,3.0,0.0,29.0,20.0,Production Technician II,MA,2143.0,1981-10-01,M ,Single,US Citizen,White,2011-05-16,2013-06-24,hours,Voluntarily Terminated,Production       ,11.0,Social Networks - Facebook Twitter etc,Fully Meets,4.76,5.0,0.0,,38,8,1,High
1306058509.0,0.0,2.0,0.0,5.0,5.0,3.0,0.0,23.0,20.0,Production Technician II,MA,1742.0,1976-09-22,F,Divorced,US Citizen,White,2011-02-21,2013-04-01,unhappy,Voluntarily Terminated,Production       ,11.0,Search Engine - Google Bing Yahoo,Fully Meets,3.72,3.0,0.0,,43,8,1,Moderate
1304055986.0,1.0,1.0,0.0,5.0,5.0,3.0,0.0,23.0,20.0,Production Technician II,MA,2176.0,1986-12-10,F,Married,US Citizen,Two or more races,2011-07-05,2011-08-19,Another position,Voluntarily Terminated,Production       ,11.0,Newspager/Magazine,Fully Meets,5.0,4.0,0.0,,33,8,1,Moderate
1202031821.0,1.0,1.0,0.0,5.0,5.0,2.0,0.0,28.0,20.0,Production Technician II,MA,2472.0,1989-07-18,F,Married,US Citizen,Asian,2011-07-05,2011-09-15,unhappy,Voluntarily Terminated,Production       ,11.0,Monster.com,Needs Improvement,1.03,5.0,0.0,,30,8,1,High
1107027551.0,0.0,0.0,0.0,5.0,5.0,3.0,0.0,22.0,20.0,Production Technician II,MA,1778.0,1985-03-15,F,Single,US Citizen,White,2011-01-10,2012-07-02,unhappy,Voluntarily Terminated,Production       ,11.0,Vendor Referral,Fully Meets,1.3,3.0,0.0,,34,8,1,Low
1012023226.0,1.0,1.0,0.0,5.0,5.0,3.0,0.0,25.0,20.0,Production Technician II,MA,1752.0,1981-08-31,F,Married,US Citizen,White,2011-05-16,2013-01-07,unhappy,Voluntarily Terminated,Production       ,12.0,Word of Mouth,Fully Meets,1.16,5.0,0.0,,38,8,1,Moderate
1411071324.0,1.0,1.0,1.0,5.0,5.0,1.0,1.0,29.0,20.0,Production Technician II,MA,2128.0,2064-10-12,M ,Married,US Citizen,Black or African American,2010-04-26,2011-05-30,career change,Voluntarily Terminated,Production       ,12.0,Diversity Job Fair,PIP,4.35,3.0,0.0,,45,9,1,High
1306057810.0,0.0,0.0,0.0,1.0,5.0,4.0,0.0,25.0,20.0,Production Technician II,MA,2128.0,1969-09-08,F,Single,US Citizen,White,2014-07-07,,N/A - still employed,Active,Production       ,12.0,Professional Society,Exceeds,1.51,3.0,0.0,2019-01-11,50,5,0,Moderate
1205033439.0,0.0,0.0,1.0,5.0,5.0,1.0,0.0,25.0,20.0,Production Technician II,MA,2472.0,1985-06-29,M ,Single,US Citizen,White,2011-08-15,2014-09-04,unhappy,Voluntarily Terminated,Production       ,12.0,MBTA ads,PIP,5.0,2.0,0.0,,34,8,1,Moderate
1103024843.0,1.0,1.0,0.0,1.0,5.0,3.0,0.0,26.0,20.0,Production Technician II,MA,2050.0,1979-03-10,F,Married,Eligible NonCitizen,Asian,2012-04-02,,N/A - still employed,Active,Production       ,12.0,MBTA ads,Fully Meets,2.61,3.0,0.0,2019-01-14,40,7,0,Moderate
1405067188.0,0.0,0.0,1.0,5.0,5.0,4.0,0.0,29.0,20.0,Production Technician II,MA,2045.0,2058-11-07,M ,Single,US Citizen,White,2013-01-07,2016-02-21,retiring,Voluntarily Terminated,Production       ,12.0,Professional Society,Exceeds,1.67,3.0,0.0,,39,6,1,High
1209048697.0,1.0,1.0,1.0,5.0,5.0,3.0,0.0,26.0,20.0,Production Technician II,MA,2169.0,1978-11-25,M ,Married,US Citizen,White,2010-08-30,2011-09-26,career change,Voluntarily Terminated,Production       ,14.0,Other,Fully Meets,1.3,4.0,0.0,,41,9,1,Moderate
1001549006.0,1.0,1.0,0.0,3.0,5.0,3.0,0.0,24.25,20.0,Production Technician II,MA,1886.0,1986-05-25,F,Married,US Citizen,White,2014-05-12,,N/A - still employed,Leave of Absence,Production       ,14.0,Professional Society,Fully Meets,2.04,3.0,0.0,2019-02-07,33,5,0,Moderate
1010022030.0,0.0,2.0,0.0,5.0,5.0,3.0,0.0,22.0,20.0,Production Technician II,MA,2090.0,1979-07-25,F,Divorced,US Citizen,Asian,2013-01-07,2014-03-31,Another position,Voluntarily Terminated,Production       ,14.0,Glassdoor,Fully Meets,4.52,3.0,0.0,,40,6,1,Low
1404066711.0,1.0,1.0,1.0,1.0,5.0,3.0,0.0,27.0,20.0,Production Technician II,MA,1450.0,1992-08-17,M ,Married,US Citizen,White,2011-11-07,,N/A - still employed,Active,Production       ,14.0,Professional Society,Fully Meets,2.67,3.0,0.0,2019-01-08,27,8,0,Moderate
1402065340.0,0.0,2.0,0.0,5.0,5.0,3.0,0.0,26.0,20.0,Production Technician II,MA,1902.0,1981-09-05,F,Divorced,Eligible NonCitizen,White,2011-09-26,2011-10-22,return to school,Voluntarily Terminated,Production       ,14.0,Search Engine - Google Bing Yahoo,Fully Meets,2.19,4.0,0.0,,38,8,1,Moderate
1205033180.0,0.0,0.0,0.0,1.0,5.0,3.0,0.0,22.0,20.0,Production Technician II,MA,2302.0,1985-04-20,F,Single,US Citizen,White,2014-09-29,,N/A - still employed,Active,Production       ,14.0,Newspager/Magazine,Fully Meets,3.4,4.0,0.0,2019-02-21,34,5,0,Low
1008021030.0,0.0,0.0,0.0,5.0,5.0,3.0,0.0,26.0,20.0,Production Technician II,MA,2210.0,2067-01-16,F,Single,US Citizen,White,2011-01-10,2014-04-04,career change,Voluntarily Terminated,Production       ,16.0,Search Engine - Google Bing Yahoo,Fully Meets,1.38,5.0,0.0,,48,8,1,Moderate
1108028428.0,1.0,1.0,0.0,1.0,5.0,3.0,0.0,27.0,20.0,Production Technician II,MA,1824.0,1978-09-22,F,Married,US Citizen,Black or African American,2014-07-07,,N/A - still employed,Active,Production       ,16.0,Professional Society,Fully Meets,1.49,5.0,0.0,2019-02-22,41,5,0,Moderate
1106026433.0,0.0,0.0,0.0,2.0,5.0,3.0,0.0,25.0,20.0,Production Technician II,MA,2021.0,1984-03-11,F,Single,US Citizen,White,2016-06-06,,N/A - Has not started yet,Future Start,Production       ,16.0,Vendor Referral,Fully Meets,2.92,5.0,0.0,2019-01-18,35,3,1,Moderate
1001504432.0,0.0,0.0,0.0,1.0,5.0,4.0,0.0,26.1,20.0,Production Technician II,MA,2324.0,1982-03-28,F,Single,US Citizen,Black or African American,2013-08-19,,N/A - still employed,Active,Production       ,16.0,Glassdoor,Exceeds,1.64,4.0,0.0,2019-02-12,37,6,0,Moderate
1104025435.0,0.0,0.0,0.0,1.0,5.0,3.0,0.0,26.39,20.0,Production Technician II,MA,1040.0,1985-11-23,F,Single,US Citizen,White,2014-11-10,,N/A - still employed,Active,Production       ,16.0,Glassdoor,Fully Meets,4.53,5.0,0.0,2019-01-16,34,5,0,Moderate
1001970770.0,0.0,0.0,1.0,1.0,5.0,4.0,0.0,22.0,20.0,Production Technician II,MA,2045.0,2063-10-30,M ,Single,US Citizen,White,2014-09-29,,N/A - still employed,Active,Production       ,16.0,Pay Per Click - Google,Exceeds,2.41,3.0,0.0,2019-01-28,44,5,0,Low
1406068345.0,1.0,1.0,0.0,5.0,5.0,3.0,0.0,28.75,20.0,Production Technician II,MA,2129.0,2053-05-24,F,Married,US Citizen,White,2011-05-16,2012-07-08,Another position,Voluntarily Terminated,Production       ,16.0,Search Engine - Google Bing Yahoo,Fully Meets,3.93,3.0,0.0,,34,8,1,High
1303054329.0,1.0,1.0,0.0,2.0,5.0,4.0,0.0,27.0,20.0,Production Technician II,MA,2145.0,2066-04-17,F,Married,US Citizen,White,2016-07-21,,N/A - Has not started yet,Future Start,Production       ,18.0,Employee Referral,Exceeds,2.7,3.0,0.0,2019-01-14,47,3,1,Moderate
1104025179.0,0.0,3.0,0.0,5.0,5.0,3.0,0.0,29.0,20.0,Production Technician II,MA,2343.0,2051-02-25,F,Separated,US Citizen,Black or African American,2011-04-04,2015-11-04,more money,Voluntarily Terminated,Production       ,18.0,Search Engine - Google Bing Yahoo,Fully Meets,4.62,5.0,0.0,,32,8,1,High
1307059937.0,0.0,0.0,1.0,1.0,5.0,3.0,0.0,24.0,20.0,Production Technician II,MA,2155.0,1988-08-10,M ,Single,US Citizen,White,2013-11-11,,N/A - still employed,Active,Production       ,18.0,Newspager/Magazine,Fully Meets,5.0,3.0,0.0,2019-01-08,31,6,0,Moderate
1011022932.0,0.0,0.0,0.0,5.0,5.0,3.0,0.0,24.0,20.0,Production Technician II,MA,2021.0,1972-08-27,F,Single,US Citizen,White,2011-01-10,2013-02-18,hours,Voluntarily Terminated,Production       ,18.0,Monster.com,Fully Meets,5.0,3.0,0.0,,47,8,1,Moderate
1405067565.0,1.0,1.0,1.0,3.0,5.0,3.0,0.0,22.0,20.0,Production Technician II,MA,1770.0,1979-03-19,M ,Married,US Citizen,White,2013-07-08,,N/A - still employed,Leave of Absence,Production       ,18.0,Information Session,Fully Meets,4.0,3.0,0.0,2019-02-18,40,6,0,Low
1408069503.0,0.0,0.0,1.0,3.0,5.0,3.0,1.0,26.0,20.0,Production Technician II,MA,2127.0,1976-12-03,M ,Single,US Citizen,Hispanic,2012-01-09,,N/A - still employed,Leave of Absence,Production       ,18.0,Diversity Job Fair,Fully Meets,2.5,4.0,0.0,2019-01-31,43,7,0,Moderate
1106026462.0,1.0,1.0,1.0,1.0,5.0,3.0,0.0,29.0,20.0,Production Technician II,MA,2062.0,1986-04-26,M ,Married,US Citizen,White,2010-08-30,,N/A - still employed,Active,Production       ,18.0,Monster.com,Fully Meets,2.08,3.0,0.0,2019-01-10,33,9,0,High
1301052449.0,1.0,1.0,1.0,1.0,5.0,3.0,0.0,26.0,20.0,Production Technician II,MA,1890.0,1977-08-19,M ,Married,US Citizen,White,2011-04-04,,N/A - still employed,Active,Production       ,19.0,Careerbuilder,Fully Meets,3.25,5.0,0.0,2019-01-14,42,8,0,Moderate
1012023204.0,1.0,1.0,0.0,5.0,5.0,3.0,0.0,24.0,20.0,Production Technician II,MA,2170.0,1983-11-08,F,Married,US Citizen,White,2011-04-04,2012-01-09,career change,Voluntarily Terminated,Production       ,19.0,Word of Mouth,Fully Meets,3.66,3.0,0.0,,36,8,1,Moderate
1008020942.0,0.0,2.0,0.0,1.0,5.0,4.0,0.0,22.5,20.0,Production Technician II,MA,1821.0,1986-11-06,F,Divorced,US Citizen,American Indian or Alaska Native,2011-07-05,,N/A - still employed,Active,Production       ,19.0,MBTA ads,Exceeds,4.6,4.0,0.0,2019-02-25,33,8,0,Moderate
1406067957.0,0.0,0.0,0.0,1.0,5.0,3.0,0.0,26.0,20.0,Production Technician II,MA,2149.0,1987-05-21,F,Single,US Citizen,White,2015-03-30,,N/A - still employed,Active,Production       ,19.0,Newspager/Magazine,Fully Meets,5.0,5.0,0.0,2019-02-07,32,4,0,Moderate
1411071406.0,1.0,1.0,0.0,5.0,5.0,4.0,0.0,29.0,20.0,Production Technician II,MA,1886.0,1986-08-17,F,Married,US Citizen,White,2011-05-16,2012-02-04,more money,Voluntarily Terminated,Production       ,19.0,Pay Per Click - Google,Exceeds,1.79,5.0,0.0,,33,8,1,High
1011022818.0,0.0,0.0,1.0,1.0,5.0,3.0,0.0,22.0,20.0,Production Technician II,MA,2459.0,1976-02-10,M ,Single,US Citizen,Black or African American,2014-08-18,,N/A - still employed,Active,Production       ,19.0,Employee Referral,Fully Meets,3.11,5.0,0.0,2019-02-12,43,5,0,Low
1005019209.0,1.0,1.0,0.0,5.0,5.0,3.0,0.0,29.0,20.0,Production Technician II,MA,1810.0,1988-09-19,F,Married,US Citizen,White,2011-07-05,2012-09-24,hours,Voluntarily Terminated,Production       ,20.0,Newspager/Magazine,Fully Meets,3.02,3.0,0.0,,31,8,1,High
1201031274.0,0.0,0.0,1.0,1.0,5.0,3.0,0.0,25.0,20.0,Production Technician II,MA,2458.0,1979-09-14,M ,Single,Eligible NonCitizen,Two or more races,2011-11-07,,N/A - still employed,Active,Production       ,20.0,Newspager/Magazine,Fully Meets,3.96,4.0,0.0,2019-02-27,40,8,0,Moderate
1108028351.0,0.0,3.0,0.0,3.0,5.0,3.0,0.0,27.0,20.0,Production Technician II,MA,1824.0,1983-12-08,F,Separated,US Citizen,American Indian or Alaska Native,2013-09-30,,N/A - still employed,Leave of Absence,Production       ,20.0,Word of Mouth,Fully Meets,2.57,5.0,0.0,2019-02-21,36,6,0,Moderate
1104025486.0,1.0,1.0,1.0,5.0,5.0,3.0,0.0,28.0,20.0,Production Technician II,MA,2126.0,1984-05-09,M ,Married,US Citizen,White,2012-04-02,2013-04-15,more money,Voluntarily Terminated,Production       ,20.0,Word of Mouth,Fully Meets,1.84,3.0,0.0,,35,7,1,High
1001103149.0,0.0,0.0,0.0,1.0,5.0,4.0,0.0,25.0,20.0,Production Technician II,MA,2126.0,1970-04-24,F,Single,US Citizen,Black or African American,2013-05-13,,N/A - still employed,Active,Production       ,20.0,Billboard,Exceeds,2.55,3.0,0.0,2019-01-14,49,6,0,Moderate
1499902991.0,1.0,1.0,1.0,5.0,5.0,3.0,0.0,22.0,20.0,Production Technician II,MA,2138.0,1972-07-03,M ,Married,US Citizen,White,2011-07-05,2012-02-08,Another position,Voluntarily Terminated,Production       ,20.0,Glassdoor,Fully Meets,2.48,5.0,0.0,,47,8,1,Low
1012023010.0,0.0,0.0,1.0,1.0,5.0,3.0,0.0,24.25,20.0,Production Technician II,MA,1810.0,1985-05-11,M ,Single,US Citizen,White,2014-07-07,,N/A - still employed,Active,Production       ,20.0,Vendor Referral,Fully Meets,4.07,4.0,0.0,2019-02-28,34,5,0,Moderate
1403066125.0,0.0,0.0,0.0,1.0,5.0,2.0,0.0,27.0,20.0,Production Technician II,MA,2171.0,1990-09-21,F,Single,US Citizen,White,2011-04-04,,N/A - still employed,Active,Production       ,22.0,Monster.com,Needs Improvement,1.16,3.0,0.0,2019-02-27,29,8,0,Moderate
1105025661.0,0.0,3.0,0.0,1.0,5.0,1.0,0.0,24.0,20.0,Production Technician II,MA,2133.0,1989-08-25,F,Separated,US Citizen,White,2014-07-07,,N/A - still employed,Active,Production       ,22.0,Pay Per Click - Google,PIP,4.59,1.0,0.0,2019-02-25,30,5,0,Moderate
1207046956.0,1.0,1.0,0.0,5.0,5.0,3.0,0.0,28.0,20.0,Production Technician II,MA,2445.0,1984-02-16,F,Married,Non-Citizen,White,2011-08-15,2012-04-07,relocation out of area,Voluntarily Terminated,Production       ,30.0,Glassdoor,Fully Meets,3.03,5.0,0.0,,35,8,1,High
1305056276.0,0.0,4.0,0.0,5.0,5.0,3.0,0.0,24.0,20.0,Production Technician II,MA,2122.0,1976-12-26,F,Widowed,US Citizen,White,2013-07-08,2013-09-15,more money,Voluntarily Terminated,Production       ,22.0,On-campus Recruiting,Fully Meets,4.65,4.0,0.0,,42,6,1,Moderate
1301052436.0,0.0,3.0,1.0,1.0,5.0,3.0,0.0,29.0,20.0,Production Technician II,MA,1460.0,1974-12-01,M ,Separated,US Citizen,Black or African American,2013-05-13,,N/A - still employed,Active,Production       ,22.0,On-campus Recruiting,Fully Meets,4.29,5.0,0.0,2019-01-28,45,6,0,High
1012023103.0,0.0,0.0,0.0,5.0,5.0,3.0,0.0,23.0,20.0,Production Technician II,MA,1851.0,1987-11-25,F,Single,US Citizen,White,2009-10-26,2015-04-08,maternity leave - did not return,Voluntarily Terminated,Production       ,22.0,Monster.com,Fully Meets,4.68,4.0,0.0,,32,10,1,Moderate
1101023457.0,0.0,0.0,1.0,1.0,5.0,3.0,0.0,22.0,20.0,Production Technician II,MA,1013.0,1983-07-28,M ,Single,US Citizen,White,2014-09-29,,N/A - still employed,Active,Production       ,,Word of Mouth,Fully Meets,3.19,3.0,0.0,2019-02-01,36,5,0,Low
1402065085.0,0.0,0.0,0.0,1.0,5.0,3.0,0.0,24.0,20.0,Production Technician II,MA,2324.0,1987-09-27,F,Single,US Citizen,Black or African American,2014-02-17,,N/A - still employed,Active,Production       ,,Newspager/Magazine,Fully Meets,4.0,4.0,0.0,2019-01-07,32,5,0,Moderate
1103024924.0,0.0,3.0,0.0,2.0,5.0,3.0,0.0,28.0,20.0,Production Technician II,MA,2351.0,1992-05-07,F,Separated,US Citizen,White,2015-06-05,,N/A - Has not started yet,Future Start,Production       ,,Other,Fully Meets,2.63,3.0,0.0,2019-02-14,27,4,1,High
1110029623.0,1.0,1.0,0.0,2.0,5.0,3.0,0.0,23.0,20.0,Production Technician II,MA,2324.0,1976-08-25,F,Married,US Citizen,White,2016-05-11,,N/A - Has not started yet,Future Start,Production       ,,Vendor Referral,Fully Meets,5.0,3.0,0.0,2019-01-21,43,3,1,Moderate
1001856521.0,1.0,1.0,0.0,5.0,5.0,3.0,0.0,25.0,20.0,Production Technician II,MA,2492.0,2052-02-11,F,Married,US Citizen,Asian,2012-05-14,2013-08-19,unhappy,Voluntarily Terminated,Production       ,39.0,Newspager/Magazine,Fully Meets,5.0,3.0,0.0,,33,7,1,Moderate
1011022777.0,0.0,4.0,1.0,5.0,5.0,3.0,0.0,23.0,20.0,Production Technician II,MA,2472.0,1975-09-16,M ,Widowed,US Citizen,White,2007-06-25,2010-08-30,military,Voluntarily Terminated,Production       ,39.0,Pay Per Click - Google,Fully Meets,1.37,4.0,0.0,,44,12,1,Moderate
1402065303.0,0.0,0.0,0.0,1.0,6.0,3.0,0.0,54.0,21.0,Sales Manager,VT,5473.0,1990-04-19,F,Single,US Citizen,White,2014-05-05,,N/A - still employed,Active,Sales,15.0,Pay Per Click - Google,Fully Meets,4.62,4.0,0.0,2019-01-24,29,5,0,Very High
1109029264.0,0.0,0.0,0.0,5.0,6.0,3.0,0.0,60.25,21.0,Sales Manager,PA,19444.0,1989-11-11,F,Single,US Citizen,White,2011-11-07,2014-04-24,maternity leave - did not return,Voluntarily Terminated,Sales,15.0,Social Networks - Facebook Twitter etc,Fully Meets,1.9,5.0,0.0,,30,8,1,Very High
1499902910.0,0.0,2.0,1.0,1.0,6.0,2.0,1.0,56.0,21.0,Sales Manager,MA,1886.0,1984-08-16,M ,Divorced,US Citizen,Black or African American,2014-05-18,,N/A - still employed,Active,Sales,15.0,Diversity Job Fair,Needs Improvement,1.62,4.0,0.0,2019-01-16,35,5,0,Very High
1009919930.0,0.0,0.0,0.0,1.0,3.0,3.0,0.0,50.25,22.0,Senior BI Developer,MA,1886.0,1987-06-14,F,Single,US Citizen,Asian,2016-10-02,,N/A - still employed,Active,IT/IS,13.0,Indeed,Fully Meets,2.09,5.0,7.0,2019-01-08,32,3,0,High
1009919960.0,0.0,0.0,1.0,1.0,3.0,3.0,0.0,52.25,22.0,Senior BI Developer,MA,2056.0,1970-04-25,M ,Single,US Citizen,Asian,2017-02-10,,N/A - still employed,Active,IT/IS,13.0,Indeed,Fully Meets,5.0,3.0,6.0,2019-02-25,49,2,0,High
1009919970.0,0.0,0.0,1.0,1.0,3.0,3.0,0.0,51.0,22.0,Senior BI Developer,MA,1887.0,1981-07-08,M ,Single,US Citizen,Asian,2017-02-15,,N/A - still employed,Active,IT/IS,13.0,Indeed,Fully Meets,3.42,4.0,7.0,2019-01-04,38,2,0,High
1102024115.0,1.0,1.0,1.0,1.0,1.0,3.0,0.0,55.0,23.0,Shared Services Manager,MA,1460.0,1984-06-10,M ,Married,US Citizen,White,2016-01-05,,N/A - still employed,Active,Admin Offices,2.0,Monster.com,Fully Meets,1.95,4.0,0.0,2019-01-28,35,3,0,Very High
1206043417.0,1.0,1.0,1.0,5.0,1.0,3.0,1.0,55.0,23.0,Shared Services Manager,MA,2045.0,1984-11-06,M ,Married,Eligible NonCitizen,Black or African American,2011-02-21,2015-08-15,career change,Voluntarily Terminated,Admin Offices,2.0,Diversity Job Fair,Fully Meets,4.15,4.0,0.0,,35,8,1,Very High
1107027358.0,0.0,0.0,0.0,1.0,4.0,3.0,0.0,47.6,24.0,Software Engineer,MA,2110.0,1979-05-24,F,Single,US Citizen,White,2014-11-10,,N/A - still employed,Active,Software Engineering,10.0,Vendor Referral,Fully Meets,3.04,3.0,4.0,2019-01-02,40,5,0,High
1101023577.0,0.0,0.0,0.0,1.0,4.0,3.0,0.0,56.0,24.0,Software Engineer,MA,2132.0,1987-04-05,F,Single,US Citizen,White,2013-11-11,,N/A - still employed,Active,Software Engineering,10.0,Pay Per Click - Google,Fully Meets,4.96,4.0,6.0,2019-01-30,32,6,0,Very High
1203032498.0,0.0,0.0,0.0,1.0,4.0,3.0,0.0,57.12,24.0,Software Engineer,MA,2176.0,1979-07-05,F,Single,US Citizen,Black or African American,2012-01-09,,N/A - still employed,Active,Software Engineering,10.0,Monster.com,Fully Meets,3.79,5.0,5.0,2019-01-25,40,7,0,Very High
1401064670.0,1.0,1.0,0.0,4.0,4.0,2.0,0.0,48.5,24.0,Software Engineer,MA,1749.0,1987-05-15,F,Married,US Citizen,Black or African American,2011-05-02,2013-06-05,attendance,Terminated for Cause,Software Engineering,10.0,Billboard,Needs Improvement,2.55,5.0,4.0,,32,8,1,High
1303054625.0,0.0,0.0,0.0,1.0,4.0,3.0,0.0,55.51,24.0,Software Engineer,MA,2135.0,1987-11-07,F,Single,US Citizen,Asian,2013-11-11,,N/A - still employed,Active,Software Engineering,10.0,Search Engine - Google Bing Yahoo,Fully Meets,1.53,5.0,4.0,2019-01-14,32,6,0,Very High
1112030979.0,0.0,0.0,1.0,5.0,4.0,4.0,1.0,52.25,24.0,Software Engineer,MA,1844.0,1979-02-20,M ,Single,US Citizen,Asian,2011-11-07,2015-09-07,Another position,Voluntarily Terminated,Software Engineering,10.0,Diversity Job Fair,Exceeds,1.1,5.0,3.0,,40,8,1,High
1012023185.0,1.0,1.0,0.0,1.0,4.0,3.0,0.0,49.25,24.0,Software Engineer,MA,2132.0,1986-07-24,F,Married,US Citizen,White,2012-11-05,,N/A - still employed,Active,Software Engineering,10.0,Pay Per Click - Google,Fully Meets,1.74,3.0,6.0,2019-02-13,33,7,0,High
1201031324.0,0.0,0.0,1.0,1.0,4.0,4.0,0.0,48.0,24.0,Software Engineer,MA,2140.0,1983-05-06,M ,Single,US Citizen,White,2014-07-07,,N/A - still employed,Active,Software Engineering,10.0,MBTA ads,Exceeds,2.61,5.0,5.0,2019-02-18,36,5,0,High
1102024057.0,0.0,0.0,1.0,5.0,4.0,3.0,1.0,45.42,24.0,Software Engineer,MA,2451.0,1983-06-14,M ,Single,Non-Citizen,Black or African American,2013-02-18,2014-04-15,medical issues,Voluntarily Terminated,Software Engineering,10.0,Diversity Job Fair,Fully Meets,1.11,3.0,4.0,,36,6,1,High
1001644719.0,0.0,0.0,1.0,1.0,4.0,3.0,0.0,27.0,25.0,Software Engineering Manager,MA,2184.0,2066-11-22,M ,Single,US Citizen,White,2011-08-15,,N/A - still employed,Active,Software Engineering,5.0,Search Engine - Google Bing Yahoo,Fully Meets,3.84,3.0,5.0,2019-01-21,47,8,0,Moderate
1201031308.0,1.0,1.0,0.0,1.0,1.0,3.0,0.0,34.95,26.0,Sr. Accountant,MA,2050.0,1979-04-16,F,Married,US Citizen,White,2009-01-05,,N/A - still employed,Active,Admin Offices,9.0,Other,Fully Meets,5.0,3.0,2.0,2019-02-08,40,10,0,High
1307060188.0,1.0,1.0,0.0,1.0,1.0,3.0,1.0,34.95,26.0,Sr. Accountant,MA,2468.0,1987-04-04,F,Married,US Citizen,Asian,2015-02-16,,N/A - still employed,Active,Admin Offices,3.0,Diversity Job Fair,Fully Meets,5.0,4.0,3.0,2019-02-18,32,4,0,High
1307060199.0,1.0,1.0,1.0,5.0,3.0,3.0,0.0,62.0,27.0,Sr. DBA,MA,2148.0,1975-05-05,M ,Married,US Citizen,White,2015-03-30,2016-06-16,career change,Voluntarily Terminated,IT/IS,4.0,Company Intranet - Partner,Fully Meets,4.96,3.0,6.0,,44,4,1,Very High
1010022337.0,0.0,0.0,0.0,2.0,3.0,3.0,0.0,61.3,27.0,Sr. DBA,MA,1886.0,1986-06-06,F,Single,US Citizen,Black or African American,2016-06-30,,N/A - Has not started yet,Future Start,IT/IS,4.0,Vendor Referral,Fully Meets,5.0,5.0,6.0,2019-02-18,33,3,1,Very High
1412071562.0,0.0,0.0,1.0,4.0,3.0,3.0,0.0,58.2,30.0,Enterprise Architect,CT,6033.0,2064-07-30,M ,Single,US Citizen,Black or African American,2014-02-17,2016-02-19,hours,Terminated for Cause,IT/IS,4.0,Vendor Referral,Fully Meets,2.94,5.0,7.0,,45,5,1,Very High
1111030266.0,0.0,0.0,0.0,5.0,3.0,3.0,0.0,58.5,29.0,Principal Data Architect,MA,2703.0,1973-05-27,F,Single,US Citizen,White,2015-01-05,2015-11-10,Another position,Voluntarily Terminated,IT/IS,4.0,Vendor Referral,Fully Meets,3.88,3.0,7.0,,46,4,1,Very High
1411071312.0,1.0,1.0,0.0,3.0,3.0,3.0,0.0,54.1,28.0,Sr. Network Engineer,CT,6033.0,2052-01-18,F,Married,US Citizen,White,2014-11-10,,N/A - still employed,Leave of Absence,IT/IS,7.0,Vendor Referral,Fully Meets,1.55,5.0,8.0,2019-02-12,33,5,0,Very High
1108028108.0,1.0,1.0,1.0,3.0,3.0,3.0,0.0,56.2,28.0,Sr. Network Engineer,MA,2169.0,1986-04-23,M ,Married,US Citizen,White,2014-11-10,,N/A - still employed,Leave of Absence,IT/IS,7.0,Employee Referral,Fully Meets,4.46,5.0,6.0,2019-01-07,33,5,0,Very High
904013591.0,1.0,1.0,1.0,2.0,3.0,3.0,0.0,53.8,28.0,Sr. Network Engineer,MA,1545.0,1983-02-09,M ,Married,US Citizen,Asian,2016-06-30,,N/A - Has not started yet,Future Start,IT/IS,7.0,On-campus Recruiting,Fully Meets,3.27,4.0,5.0,2019-01-14,36,3,1,Very High
1308060959.0,0.0,0.0,1.0,1.0,3.0,3.0,0.0,53.0,28.0,Sr. Network Engineer,CT,6278.0,2065-09-09,M ,Single,US Citizen,White,2014-11-10,,N/A - still employed,Active,IT/IS,7.0,Employee Referral,Fully Meets,5.0,3.0,4.0,2019-01-02,46,5,0,Very High
1301052347.0,0.0,4.0,0.0,1.0,3.0,3.0,0.0,55.2,28.0,Sr. Network Engineer,MA,2453.0,1978-05-02,F,Widowed,US Citizen,Asian,2015-03-30,,N/A - still employed,Active,IT/IS,7.0,Employee Referral,Fully Meets,1.06,4.0,8.0,2019-02-05,41,4,0,Very High
