Attrition;Citizen Desc;DOB;Dateof Hire;Dateof Termination;Department;Dept ID;Emp ID;Emp Satisfaction;Emp Status ID;Employment Status;Engagement Survey;From Diversity Job Fair ID;Gender ID;LastPerformanceReview Date;Manager ID;Marital Desc;Marital Status ID;Married ID;Number of Records;Pay Grade;Pay Rate;Perf Score ID;Performance Score;Position ID;Position;Race Desc;Recruitment Source;Sex;Special Projects Count;State;Term Reason;Zip;Age;Seniority
0;US Citizen;24/11/1987;27/10/2008;;Admin Offices;1.0;1103024456.0;2.0;1.0;Active;02.04;1.0;0.0;15/01/2019;1.0;Married;1.0;1.0;1;High;28.5;3.0;Fully Meets;1.0;Accountant I;Black or African American;Diversity Job Fair;F;6.0;MA;N/A - still employed;1450.0;32;11
0;US Citizen;26/04/1984;06/01/2014;;Admin Offices;1.0;1106026572.0;4.0;1.0;Active;5.0;0.0;1.0;17/01/2019;1.0;Divorced;2.0;0.0;1;Moderate;23.0;3.0;Fully Meets;1.0;Accountant I;Black or African American;Website Banner Ads;M;4.0;MA;N/A - still employed;1460.0;35;5
0;US Citizen;01/09/1986;29/09/2014;;Admin Offices;1.0;1302053333.0;5.0;1.0;Active;3.9;0.0;1.0;18/01/2019;1.0;Single;0.0;0.0;1;High;29.0;3.0;Fully Meets;1.0;Accountant I;White;Internet Search;M;5.0;MA;N/A - still employed;2703.0;33;5
1;US Citizen;16/09/1985;16/02/2015;15/04/2015;Admin Offices;1.0;1211050782.0;3.0;1.0;Terminated for Cause;3.24;0.0;0.0;;1.0;Married;1.0;1.0;1;Low;21.5;3.0;Fully Meets;2.0;Administrative Assistant;White;Pay Per Click - Google;F;4.0;MA;;2170.0;34;4
0;US Citizen;19/05/1988;01/05/2015;;Admin Offices;1.0;1307059817.0;3.0;1.0;Active;5.0;0.0;0.0;15/01/2019;1.0;Single;0.0;0.0;1;Very Low;16.56;3.0;Fully Meets;2.0;Administrative Assistant;White;Website Banner Ads;F;5.0;MA;N/A - still employed;2330.0;31;4
1;US Citizen;14/06/1987;26/09/2011;25/09/2013;Admin Offices;1.0;711007713.0;4.0;5.0;Voluntarily Terminated;3.8;1.0;0.0;;1.0;Married;1.0;1.0;1;Low;20.5;3.0;Fully Meets;2.0;Administrative Assistant;Asian;Diversity Job Fair;F;4.0;MA;career change;1844.0;32;8
1;Eligible NonCitizen;01/06/1964;15/08/2011;02/08/2014;Sales;6.0;1504073368.0;5.0;5.0;Voluntarily Terminated;3.14;0.0;0.0;;17.0;Married;1.0;1.0;1;Very High;55.0;3.0;Fully Meets;3.0;Area Sales Manager;Black or African American;Social Networks - Facebook Twitter etc;F;0.0;VA;Another position;21851.0;55;8
0;US Citizen;15/05/1963;18/08/2014;;Sales;6.0;1403065721.0;5.0;1.0;Active;5.0;0.0;0.0;21/01/2019;17.0;Single;0.0;0.0;1;Very High;55.0;3.0;Fully Meets;3.0;Area Sales Manager;White;Billboard;F;0.0;VT;N/A - still employed;5664.0;56;5
0;US Citizen;14/05/1987;20/02/2012;;Sales;6.0;1408069481.0;1.0;1.0;Active;2.3;0.0;0.0;29/01/2019;17.0;Single;0.0;0.0;1;Very High;55.0;1.0;PIP;3.0;Area Sales Manager;White;Website Banner Ads;F;0.0;WA;N/A - still employed;98052.0;32;7
0;US Citizen;14/09/1988;18/08/2014;;Sales;6.0;1306059197.0;5.0;1.0;Active;3.6;0.0;1.0;30/01/2019;17.0;Married;1.0;1.0;1;Very High;56.0;3.0;Fully Meets;3.0;Area Sales Manager;American Indian or Alaska Native;Pay Per Click - Google;M;0.0;NH;N/A - still employed;3062.0;31;5
0;US Citizen;24/02/1969;07/03/2011;;Sales;6.0;1204032843.0;5.0;1.0;Active;3.65;1.0;1.0;17/01/2019;17.0;Single;0.0;0.0;1;Very High;55.5;3.0;Fully Meets;3.0;Area Sales Manager;Two or more races;Diversity Job Fair;M;0.0;NY;N/A - still employed;10171.0;50;8
1;US Citizen;10/07/1971;07/07/2014;05/09/2015;Sales;6.0;1302053046.0;4.0;4.0;Terminated for Cause;3.97;0.0;0.0;;17.0;Widowed;4.0;0.0;1;Very High;55.0;3.0;Fully Meets;3.0;Area Sales Manager;Black or African American;Monster.com;F;0.0;OH;attendance;43050.0;48;5
0;US Citizen;12/10/1954;12/05/2014;;Sales;6.0;1411071481.0;3.0;1.0;Active;3.98;0.0;1.0;28/01/2019;17.0;Married;1.0;1.0;1;Very High;55.5;3.0;Fully Meets;3.0;Area Sales Manager;White;Monster.com;M;0.0;ID;N/A - still employed;83706.0;65;5
1;US Citizen;09/02/1969;07/03/2011;31/10/2014;Sales;6.0;1001167253.0;5.0;5.0;Voluntarily Terminated;4.5;0.0;1.0;;17.0;Single;0.0;0.0;1;Very High;55.0;3.0;Fully Meets;3.0;Area Sales Manager;Two or more races;Newspager/Magazine;M;0.0;TN;relocation out of area;37129.0;50;8
0;US Citizen;27/12/1988;30/04/2012;;Sales;6.0;1412071660.0;3.0;1.0;Active;4.53;0.0;1.0;29/01/2019;17.0;Separated;3.0;0.0;1;Very High;55.0;3.0;Fully Meets;3.0;Area Sales Manager;Black or African American;Website Banner Ads;M;0.0;UT;N/A - still employed;84111.0;30;7
0;US Citizen;02/11/1975;29/09/2014;;Sales;6.0;1306057978.0;3.0;1.0;Active;1.93;0.0;1.0;30/01/2019;17.0;Single;0.0;0.0;1;Very High;55.0;1.0;PIP;3.0;Area Sales Manager;Two or more races;Internet Search;M;0.0;AL;N/A - still employed;36006.0;44;5
0;US Citizen;19/05/1982;05/01/2015;;Sales;6.0;812011761.0;5.0;1.0;Active;5.0;0.0;1.0;14/01/2019;17.0;Single;0.0;0.0;1;Very High;55.0;3.0;Fully Meets;3.0;Area Sales Manager;White;Website Banner Ads;M;0.0;NC;N/A - still employed;27229.0;37;4
0;US Citizen;12/05/1989;27/09/2010;;Sales;6.0;1411071295.0;4.0;1.0;Active;2.0;0.0;0.0;31/01/2019;17.0;Married;1.0;1.0;1;Very High;54.0;3.0;Fully Meets;3.0;Area Sales Manager;Black or African American;Professional Society;F;0.0;MT;N/A - still employed;59102.0;30;9
0;US Citizen;23/05/1991;05/07/2011;;Sales;6.0;1312063714.0;3.0;1.0;Active;2.81;0.0;0.0;17/01/2019;17.0;Married;1.0;1.0;1;Very High;55.0;3.0;Fully Meets;3.0;Area Sales Manager;Two or more races;Other;F;0.0;AZ;N/A - still employed;85006.0;28;8
0;US Citizen;11/07/1989;05/03/2012;;Sales;6.0;1111030503.0;4.0;1.0;Active;1.77;0.0;1.0;18/01/2019;17.0;Single;0.0;0.0;1;Very High;56.0;3.0;Fully Meets;3.0;Area Sales Manager;Asian;Website Banner Ads;M;0.0;ME;N/A - still employed;4063.0;30;7
0;US Citizen;07/07/1975;29/09/2014;;Sales;6.0;1504073313.0;5.0;1.0;Active;3.31;0.0;1.0;28/01/2019;21.0;Married;1.0;1.0;1;Very High;55.0;3.0;Fully Meets;3.0;Area Sales Manager;White;Employee Referral;M;0.0;MA;N/A - still employed;2330.0;44;5
0;US Citizen;08/11/1988;10/01/2011;;Sales;6.0;1409070567.0;5.0;1.0;Active;4.77;0.0;0.0;27/01/2019;21.0;Single;0.0;0.0;1;Very High;55.0;4.0;Exceeds;3.0;Area Sales Manager;White;Other;F;0.0;CA;N/A - still employed;90007.0;31;8
0;US Citizen;28/08/1963;06/09/2011;;Sales;6.0;1411071302.0;3.0;1.0;Active;1.64;0.0;1.0;27/01/2019;21.0;Single;0.0;0.0;1;Very High;55.0;3.0;Fully Meets;3.0;Area Sales Manager;Black or African American;Monster.com;M;0.0;CT;N/A - still employed;6050.0;56;8
0;US Citizen;22/09/1989;16/02/2015;;Sales;6.0;1203032099.0;5.0;1.0;Active;1.72;0.0;0.0;25/01/2019;21.0;Single;0.0;0.0;1;Very High;55.0;3.0;Fully Meets;3.0;Area Sales Manager;White;Pay Per Click - Google;F;0.0;IN;N/A - still employed;46204.0;30;4
0;US Citizen;09/05/1974;12/05/2014;;Sales;6.0;1001084890.0;2.0;1.0;Active;1.81;0.0;1.0;17/01/2019;21.0;Married;1.0;1.0;1;Very High;56.0;1.0;PIP;3.0;Area Sales Manager;White;Website Banner Ads;M;0.0;NV;N/A - still employed;89139.0;45;5
0;US Citizen;27/11/1979;19/08/2013;;Sales;6.0;1104025008.0;5.0;1.0;Active;2.19;0.0;1.0;22/01/2019;21.0;Single;0.0;0.0;1;Very High;55.0;3.0;Fully Meets;3.0;Area Sales Manager;White;Pay Per Click - Google;M;0.0;CO;N/A - still employed;80820.0;40;6
0;Eligible NonCitizen;11/06/1970;14/05/2012;;Sales;6.0;1209048771.0;5.0;1.0;Active;2.94;0.0;1.0;19/01/2019;21.0;Single;0.0;0.0;1;Very High;56.0;3.0;Fully Meets;3.0;Area Sales Manager;Black or African American;Employee Referral;M;0.0;TX;N/A - still employed;78207.0;49;7
1;US Citizen;01/07/1984;06/07/2016;;Sales;6.0;1209049326.0;4.0;2.0;Future Start;2.91;0.0;1.0;29/01/2019;21.0;Married;1.0;1.0;1;Very High;55.0;3.0;Fully Meets;3.0;Area Sales Manager;Two or more races;Website Banner Ads;M;0.0;TX;N/A - Has not started yet;78789.0;35;3
0;US Citizen;31/03/1989;08/07/2013;;Sales;6.0;1111030684.0;5.0;1.0;Active;5.0;0.0;0.0;25/01/2019;21.0;Single;0.0;0.0;1;Very High;55.0;3.0;Fully Meets;3.0;Area Sales Manager;Two or more races;Pay Per Click - Google;F;0.0;GA;N/A - still employed;30428.0;30;6
0;US Citizen;11/05/1990;30/09/2013;;Sales;6.0;1501072180.0;3.0;1.0;Active;4.28;0.0;0.0;25/01/2019;21.0;Single;0.0;0.0;1;Very High;57.0;3.0;Fully Meets;3.0;Area Sales Manager;White;Pay Per Click - Google;F;0.0;FL;N/A - still employed;33174.0;29;6
0;US Citizen;29/08/1988;09/01/2012;;Sales;6.0;1102024106.0;5.0;1.0;Active;4.2;0.0;0.0;01/02/2019;21.0;Married;1.0;1.0;1;Very High;55.0;3.0;Fully Meets;3.0;Area Sales Manager;Black or African American;Website Banner Ads;F;0.0;KY;N/A - still employed;40220.0;31;7
0;US Citizen;15/01/1968;09/01/2006;;Sales;6.0;1502072711.0;3.0;1.0;Active;4.1;0.0;1.0;04/01/2019;21.0;Separated;3.0;0.0;1;Very High;55.0;4.0;Exceeds;3.0;Area Sales Manager;White;Billboard;M;0.0;ND;N/A - still employed;58782.0;51;13
0;US Citizen;07/05/1965;29/09/2014;;Sales;6.0;1401064637.0;3.0;1.0;Active;3.69;0.0;0.0;28/01/2019;21.0;Single;0.0;0.0;1;Very High;55.0;3.0;Fully Meets;3.0;Area Sales Manager;Black or African American;Monster.com;F;0.0;OR;N/A - still employed;97756.0;54;5
0;US Citizen;12/05/1980;02/10/2016;;IT/IS;3.0;1009919940.0;4.0;1.0;Active;02.02;0.0;0.0;06/02/2019;13.0;Married;1.0;1.0;1;High;45.0;3.0;Fully Meets;4.0;BI Developer;Black or African American;Indeed;F;6.0;MA;N/A - still employed;2110.0;39;3
0;US Citizen;04/09/1983;15/02/2017;;IT/IS;3.0;1009919980.0;5.0;1.0;Active;03.01;0.0;1.0;23/01/2019;13.0;Single;0.0;0.0;1;High;46.0;3.0;Fully Meets;4.0;BI Developer;White;Indeed;M;7.0;MA;N/A - still employed;2045.0;36;2
0;US Citizen;24/10/1987;20/04/2017;;IT/IS;3.0;1009919990.0;3.0;1.0;Active;1.82;0.0;1.0;02/01/2019;13.0;Married;1.0;1.0;1;High;45.0;3.0;Fully Meets;4.0;BI Developer;White;Indeed;M;6.0;MA;N/A - still employed;2134.0;32;2
0;US Citizen;30/06/1989;20/04/2017;;IT/IS;3.0;1009920000.0;5.0;1.0;Active;02.06;0.0;1.0;28/01/2019;13.0;Married;1.0;1.0;1;High;45.0;3.0;Fully Meets;4.0;BI Developer;Black or African American;Indeed;M;5.0;MA;N/A - still employed;2134.0;30;2
0;US Citizen;09/02/1972;06/09/2016;;IT/IS;3.0;1009919920.0;5.0;1.0;Active;4.5;0.0;1.0;15/01/2019;5.0;Married;1.0;1.0;1;Very High;63.5;3.0;Fully Meets;5.0;BI Director;White;Professional Society;M;7.0;MA;N/A - still employed;2045.0;47;3
0;US Citizen;30/08/1979;10/04/2010;;IT/IS;3.0;1112030816.0;5.0;1.0;Active;1.12;0.0;0.0;21/02/2019;2.0;Single;0.0;0.0;1;Very High;65.0;4.0;Exceeds;6.0;CIO;White;Employee Referral;F;6.0;MA;N/A - still employed;2067.0;40;9
0;US Citizen;21/11/1972;07/01/2017;;IT/IS;3.0;1009919950.0;3.0;1.0;Active;4.94;0.0;0.0;06/02/2019;13.0;Single;0.0;0.0;1;Very High;55.0;3.0;Fully Meets;7.0;Data Architect;Black or African American;Indeed;F;5.0;MA;N/A - still employed;2056.0;47;2
1;US Citizen;04/04/1986;07/07/2014;12/09/2015;IT/IS;3.0;1102024056.0;4.0;4.0;Terminated for Cause;1.87;0.0;0.0;;4.0;Single;0.0;0.0;1;High;43.0;3.0;Fully Meets;8.0;Database Administrator;White;Search Engine - Google Bing Yahoo;F;5.0;MA;performance;2026.0;33;5
1;US Citizen;23/10/1971;16/02/2015;15/03/2015;IT/IS;3.0;905013738.0;4.0;4.0;Terminated for Cause;1.87;0.0;0.0;;4.0;Single;0.0;0.0;1;High;48.5;3.0;Fully Meets;8.0;Database Administrator;White;Glassdoor;F;4.0;MA;no-call, no-show;2127.0;48;4
1;US Citizen;07/08/1986;16/02/2015;22/02/2015;IT/IS;3.0;1410071156.0;3.0;4.0;Terminated for Cause;4.33;0.0;1.0;;4.0;Married;1.0;1.0;1;High;40.1;3.0;Fully Meets;8.0;Database Administrator;Black or African American;Employee Referral;M;7.0;MA;no-call, no-show;1960.0;33;4
0;US Citizen;21/02/1984;30/03/2015;;IT/IS;3.0;1105025718.0;5.0;1.0;Active;4.48;0.0;0.0;03/01/2019;4.0;Single;0.0;0.0;1;High;34.0;3.0;Fully Meets;8.0;Database Administrator;White;Glassdoor;F;6.0;MA;N/A - still employed;2493.0;35;4
0;US Citizen;07/11/1986;05/01/2015;;IT/IS;3.0;1003018246.0;3.0;3.0;Leave of Absence;3.75;0.0;0.0;11/02/2019;4.0;Married;1.0;1.0;1;High;40.0;3.0;Fully Meets;8.0;Database Administrator;Asian;Glassdoor;F;5.0;MA;N/A - still employed;2301.0;33;4
0;US Citizen;04/07/1988;10/11/2014;;IT/IS;3.0;1406068403.0;4.0;1.0;Active;4.28;1.0;1.0;25/02/2019;4.0;Divorced;2.0;0.0;1;High;35.5;4.0;Exceeds;9.0;Data Analyst;Black or African American;Diversity Job Fair;M;5.0;TX;N/A - still employed;78230.0;31;5
1;US Citizen;05/09/1984;01/12/2014;01/05/2016;IT/IS;3.0;1102023965.0;4.0;5.0;Voluntarily Terminated;1.62;0.0;1.0;;4.0;Married;1.0;1.0;1;High;41.0;3.0;Fully Meets;9.0;Data Analyst;White;Employee Referral;M;5.0;MA;performance;2747.0;35;5
0;US Citizen;16/09/1984;10/11/2014;;IT/IS;3.0;1108027853.0;5.0;1.0;Active;3.71;0.0;0.0;04/01/2019;4.0;Married;1.0;1.0;1;High;42.75;4.0;Exceeds;9.0;Data Analyst;Asian;Employee Referral;F;7.0;MA;N/A - still employed;1886.0;35;5
0;US Citizen;11/10/1981;16/02/2015;;IT/IS;3.0;1407068885.0;5.0;1.0;Active;3.69;0.0;0.0;14/02/2019;4.0;Married;1.0;1.0;1;High;39.55;3.0;Fully Meets;9.0;Data Analyst;White;Employee Referral;F;6.0;MA;N/A - still employed;1886.0;38;4
0;US Citizen;26/08/1986;30/03/2015;;IT/IS;3.0;1203032255.0;3.0;1.0;Active;03.04;0.0;1.0;22/01/2019;4.0;Married;1.0;1.0;1;High;42.2;3.0;Fully Meets;9.0;Data Analyst;White;Pay Per Click - Google;M;6.0;MA;N/A - still employed;1810.0;33;4
1;US Citizen;17/12/1987;05/01/2015;31/10/2015;IT/IS;3.0;1111030148.0;3.0;5.0;Voluntarily Terminated;2.19;0.0;1.0;;4.0;Divorced;2.0;0.0;1;High;45.0;3.0;Fully Meets;9.0;Data Analyst;Black or African American;Vendor Referral;M;5.0;MA;hours;2452.0;31;4
0;US Citizen;08/02/1970;05/01/2015;;IT/IS;3.0;808010278.0;3.0;1.0;Active;3.32;0.0;1.0;14/01/2019;4.0;Married;1.0;1.0;1;High;30.2;3.0;Fully Meets;9.0;Data Analyst;White;Employee Referral;M;7.0;MA;N/A - still employed;2110.0;49;4
0;US Citizen;24/02/1979;30/03/2015;;IT/IS;3.0;1110029732.0;3.0;1.0;Active;5.0;0.0;0.0;01/02/2019;4.0;Single;0.0;0.0;1;High;31.4;3.0;Fully Meets;9.0;Data Analyst;White;Employee Referral;F;5.0;MA;N/A - still employed;2148.0;40;4
0;US Citizen;19/03/1983;05/01/2009;;Production;5.0;1006020066.0;5.0;1.0;Active;03.02;0.0;0.0;04/02/2019;2.0;Single;0.0;0.0;1;Very High;60.0;4.0;Exceeds;10.0;Director of Operations;Black or African American;Other;F;0.0;MA;N/A - still employed;2030.0;36;10
0;US Citizen;17/03/1966;05/05/2014;;Sales;6.0;1009021646.0;4.0;1.0;Active;1.22;0.0;0.0;21/01/2019;2.0;Married;1.0;1.0;1;Very High;60.0;3.0;Fully Meets;11.0;Director of Sales;White;MBTA ads;F;0.0;RI;N/A - still employed;2908.0;53;5
0;US Citizen;05/07/1980;15/04/2011;;IT/IS;3.0;1192991000.0;5.0;1.0;Active;3.76;0.0;1.0;07/01/2019;5.0;Single;0.0;0.0;1;Very High;65.0;4.0;Exceeds;12.0;IT Director;Black or African American;Professional Society;M;5.0;MA;N/A - still employed;1460.0;39;8
0;US Citizen;05/04/1973;20/01/2013;;IT/IS;3.0;1106026933.0;5.0;1.0;Active;2.96;0.0;1.0;18/02/2019;5.0;Single;0.0;0.0;1;Very High;62.0;3.0;Fully Meets;13.0;IT Manager - DB;White;Professional Society;M;7.0;MA;N/A - still employed;2481.0;46;6
1;US Citizen;04/01/1964;09/01/2012;04/11/2015;IT/IS;3.0;1001175250.0;4.0;5.0;Voluntarily Terminated;2.51;1.0;1.0;;5.0;Divorced;2.0;0.0;1;Low;21.0;3.0;Fully Meets;13.0;IT Manager - DB;Two or more races;Diversity Job Fair;M;6.0;MA;hours;1915.0;55;7
0;Eligible NonCitizen;05/10/1986;15/02/2012;;IT/IS;3.0;1011022863.0;3.0;1.0;Active;2.39;1.0;1.0;22/02/2019;5.0;Married;1.0;1.0;1;Very High;63.0;2.0;Needs Improvement;13.0;IT Manager - Infra;Hispanic;Diversity Job Fair;M;6.0;MA;N/A - still employed;2134.0;33;7
0;US Citizen;09/07/1970;05/01/2014;;IT/IS;3.0;1101023754.0;5.0;1.0;Active;1.99;0.0;1.0;04/01/2019;5.0;Single;0.0;0.0;1;Very High;64.0;4.0;Exceeds;13.0;IT Manager - Support;White;Professional Society;M;5.0;MA;N/A - still employed;1886.0;49;5
0;US Citizen;05/09/1985;05/09/2012;;IT/IS;3.0;1301052902.0;3.0;1.0;Active;2.55;0.0;1.0;27/02/2019;6.0;Single;0.0;0.0;1;High;28.99;3.0;Fully Meets;14.0;IT Support;White;Glassdoor;M;6.0;MA;N/A - still employed;2170.0;34;7
0;US Citizen;06/07/1968;01/05/2010;;IT/IS;3.0;1501072093.0;4.0;1.0;Active;1.21;0.0;0.0;01/02/2019;6.0;Single;0.0;0.0;1;High;31.4;3.0;Fully Meets;14.0;IT Support;White;Vendor Referral;F;5.0;CT;N/A - still employed;6040.0;51;9
0;US Citizen;05/10/1988;21/01/2011;;IT/IS;3.0;602000312.0;4.0;1.0;Active;4.64;1.0;0.0;25/01/2019;6.0;Single;0.0;0.0;1;Moderate;26.0;4.0;Exceeds;14.0;IT Support;Two or more races;Diversity Job Fair;F;5.0;CT;N/A - still employed;6070.0;31;8
0;US Citizen;12/03/1973;10/06/2011;;IT/IS;3.0;1203032263.0;3.0;1.0;Active;4.3;0.0;0.0;08/02/2019;6.0;Married;1.0;1.0;1;High;27.49;3.0;Fully Meets;14.0;IT Support;Black or African American;Information Session;F;5.0;MA;N/A - still employed;2360.0;46;8
0;US Citizen;07/01/1988;05/01/2015;;IT/IS;3.0;1212052023.0;5.0;1.0;Active;1.84;0.0;1.0;18/02/2019;7.0;Divorced;2.0;0.0;1;High;45.0;3.0;Fully Meets;14.0;IT Support;White;Glassdoor;M;6.0;MA;N/A - still employed;1886.0;31;4
0;US Citizen;24/11/1989;30/03/2015;;IT/IS;3.0;1102024173.0;5.0;1.0;Active;2.21;0.0;1.0;10/01/2019;7.0;Married;1.0;1.0;1;High;42.0;3.0;Fully Meets;14.0;IT Support;White;Information Session;M;7.0;MA;N/A - still employed;2135.0;30;4
0;US Citizen;18/07/1988;05/01/2015;;IT/IS;3.0;1101023540.0;4.0;1.0;Active;4.11;0.0;0.0;25/02/2019;7.0;Married;1.0;1.0;1;High;37.0;3.0;Fully Meets;14.0;IT Support;White;Employee Referral;F;6.0;MA;N/A - still employed;2119.0;31;4
0;US Citizen;16/04/1981;05/01/2015;;IT/IS;3.0;1988299991.0;4.0;1.0;Active;4.61;0.0;0.0;28/01/2019;7.0;Separated;3.0;0.0;1;High;39.0;3.0;Fully Meets;14.0;IT Support;White;Employee Referral;F;5.0;MA;N/A - still employed;2472.0;38;4
0;US Citizen;18/06/1987;30/03/2015;;IT/IS;3.0;1012023013.0;3.0;1.0;Active;1.2;0.0;1.0;04/02/2019;7.0;Single;0.0;0.0;1;High;43.0;1.0;PIP;15.0;Network Engineer;White;Vendor Referral;M;6.0;MA;N/A - still employed;2138.0;32;4
0;US Citizen;04/04/1979;16/02/2015;;IT/IS;3.0;1001956578.0;3.0;1.0;Active;3.81;0.0;0.0;11/02/2019;7.0;Married;1.0;1.0;1;Moderate;27.0;3.0;Fully Meets;15.0;Network Engineer;White;Monster.com;F;6.0;MA;N/A - still employed;2048.0;40;4
0;US Citizen;14/04/1981;30/09/2014;;IT/IS;3.0;906014183.0;3.0;1.0;Active;3.31;0.0;0.0;07/01/2019;7.0;Married;1.0;1.0;1;High;47.0;3.0;Fully Meets;15.0;Network Engineer;White;Vendor Referral;F;6.0;MA;N/A - still employed;1773.0;38;5
1;US Citizen;05/05/1988;05/01/2015;12/05/2015;IT/IS;3.0;1104025466.0;3.0;5.0;Voluntarily Terminated;5.0;0.0;1.0;;7.0;Married;1.0;1.0;1;High;28.0;3.0;Fully Meets;15.0;Network Engineer;White;Monster.com;M;5.0;MA;medical issues;1420.0;31;4
0;Eligible NonCitizen;31/03/1969;30/03/2015;;IT/IS;3.0;1411071506.0;4.0;1.0;Active;5.0;0.0;1.0;14/01/2019;7.0;Married;1.0;1.0;1;High;49.1;3.0;Fully Meets;15.0;Network Engineer;White;Employee Referral;M;7.0;MA;N/A - still employed;2343.0;50;4
0;US Citizen;21/09/1954;02/07/2012;;Executive Office;2.0;1001495124.0;3.0;1.0;Active;4.83;0.0;0.0;17/01/2019;9.0;Married;1.0;1.0;1;Very High;80.0;3.0;Fully Meets;16.0;President & CEO;White;Pay Per Click - Google;F;0.0;MA;N/A - still employed;1902.0;65;7
0;US Citizen;10/10/1968;01/08/2011;;Production;5.0;1501072311.0;3.0;1.0;Active;3.93;0.0;1.0;27/02/2019;2.0;Divorced;2.0;0.0;1;Very High;54.5;3.0;Fully Meets;17.0;Production Manager;White;Employee Referral;M;0.0;MA;N/A - still employed;2169.0;51;8
1;US Citizen;10/03/1970;30/09/2013;07/08/2014;Production;5.0;1303054580.0;3.0;5.0;Voluntarily Terminated;3.39;0.0;1.0;;2.0;Single;0.0;0.0;1;High;50.5;3.0;Fully Meets;18.0;Production Manager;Asian;Billboard;M;0.0;MA;retiring;1901.0;49;6
0;US Citizen;09/08/1983;28/01/2016;;Production;5.0;1110029990.0;3.0;1.0;Active;5.0;0.0;1.0;22/02/2019;2.0;Single;0.0;0.0;1;Very High;55.0;4.0;Exceeds;18.0;Production Manager;White;Pay Per Click - Google;M;0.0;MA;N/A - still employed;2169.0;36;3
0;US Citizen;28/11/1973;18/09/2014;;Production;5.0;1409070147.0;4.0;1.0;Active;4.52;0.0;0.0;15/01/2019;2.0;Single;0.0;0.0;1;High;51.0;3.0;Fully Meets;18.0;Production Manager;White;Search Engine - Google Bing Yahoo;F;0.0;MA;N/A - still employed;1731.0;46;5
0;US Citizen;11/07/1981;02/06/2015;;Production;5.0;1307060077.0;3.0;1.0;Active;4.63;0.0;1.0;04/01/2019;2.0;Divorced;2.0;0.0;1;Very High;54.0;3.0;Fully Meets;18.0;Production Manager;White;Employee Referral;M;0.0;MA;N/A - still employed;1752.0;38;4
1;US Citizen;01/07/1972;10/01/2011;12/12/2015;Production;5.0;1001944783.0;4.0;4.0;Terminated for Cause;4.78;0.0;1.0;;2.0;Married;1.0;1.0;1;High;48.5;3.0;Fully Meets;18.0;Production Manager;White;Employee Referral;M;0.0;MA;attendance;1890.0;47;8
1;US Citizen;15/11/1976;21/02/2011;24/09/2012;Production;5.0;1403065874.0;2.0;5.0;Voluntarily Terminated;2.34;0.0;1.0;;2.0;Married;1.0;1.0;1;High;42.0;2.0;Needs Improvement;18.0;Production Manager;Asian;Other;M;0.0;MA;unhappy;2128.0;43;8
0;US Citizen;26/10/1981;30/09/2013;;Production;5.0;1103024679.0;3.0;1.0;Active;3.66;0.0;0.0;21/01/2019;2.0;Married;1.0;1.0;1;Very High;55.0;4.0;Exceeds;18.0;Production Manager;White;Website Banner Ads;F;0.0;MA;N/A - still employed;2110.0;38;6
0;US Citizen;10/08/1981;16/08/2012;;Production;5.0;1107027351.0;3.0;1.0;Active;4.37;0.0;1.0;14/01/2019;2.0;Single;0.0;0.0;1;Very High;53.0;3.0;Fully Meets;18.0;Production Manager;Hispanic;Internet Search;M;0.0;MA;N/A - still employed;2045.0;38;7
1;US Citizen;09/05/1977;25/10/2010;18/05/2016;Production;5.0;1402065355.0;5.0;5.0;Voluntarily Terminated;4.16;0.0;0.0;;2.0;Married;1.0;1.0;1;High;38.5;3.0;Fully Meets;18.0;Production Manager;White;Internet Search;F;0.0;MA;Another position;2030.0;42;9
0;US Citizen;30/09/1975;02/10/2012;;Production;5.0;1102024149.0;5.0;1.0;Active;4.83;0.0;0.0;14/02/2019;2.0;Married;1.0;1.0;1;High;52.0;3.0;Fully Meets;18.0;Production Manager;White;Vendor Referral;F;0.0;MA;N/A - still employed;2451.0;44;7
0;US Citizen;17/12/1975;20/07/2010;;Production;5.0;1000974650.0;2.0;1.0;Active;4.13;0.0;1.0;14/01/2019;2.0;Divorced;2.0;0.0;1;Very High;53.0;2.0;Needs Improvement;18.0;Production Manager;White;Monster.com;M;0.0;MA;N/A - still employed;1803.0;43;9
0;US Citizen;28/03/1978;08/01/2009;;Production;5.0;1405067298.0;4.0;1.0;Active;3.73;0.0;0.0;24/01/2019;2.0;Married;1.0;1.0;1;Very High;55.0;3.0;Fully Meets;18.0;Production Manager;Black or African American;Billboard;F;0.0;MA;N/A - still employed;1776.0;41;10
1;US Citizen;14/11/1955;26/09/2011;02/01/2012;Production;5.0;1410071026.0;3.0;5.0;Voluntarily Terminated;1.18;1.0;0.0;;2.0;Married;1.0;1.0;1;High;33.5;3.0;Fully Meets;18.0;Production Manager;Black or African American;Diversity Job Fair;F;0.0;MA;Another position;2478.0;64;8
0;US Citizen;22/05/1977;09/01/2012;;Production;5.0;1304055947.0;5.0;1.0;Active;5.0;0.0;0.0;07/01/2019;11.0;Single;0.0;0.0;1;Moderate;23.0;4.0;Exceeds;19.0;Production Technician I;White;MBTA ads;F;0.0;MA;N/A - still employed;1844.0;42;7
0;US Citizen;22/12/1970;02/04/2012;;Production;5.0;1109029366.0;3.0;1.0;Active;5.0;0.0;1.0;14/01/2019;11.0;Single;0.0;0.0;1;Very Low;16.0;3.0;Fully Meets;19.0;Production Technician I;White;Word of Mouth;M;0.0;MA;N/A - still employed;2072.0;48;7
1;US Citizen;27/08/1983;27/06/2011;15/11/2015;Production;5.0;1101023394.0;4.0;5.0;Voluntarily Terminated;2.0;0.0;0.0;;11.0;Single;0.0;0.0;1;Low;21.0;3.0;Fully Meets;19.0;Production Technician I;White;Other;F;0.0;MA;relocation out of area;1775.0;36;8
0;US Citizen;19/04/1967;07/07/2014;;Production;5.0;1501072124.0;2.0;1.0;Active;1.12;0.0;1.0;31/01/2019;11.0;Married;1.0;1.0;1;Low;20.0;1.0;PIP;19.0;Production Technician I;White;Professional Society;M;0.0;MA;N/A - still employed;2061.0;52;5
0;US Citizen;18/10/1989;11/05/2015;;Production;5.0;1302053339.0;5.0;1.0;Active;1.56;0.0;1.0;03/01/2019;11.0;Married;1.0;1.0;1;Very Low;18.0;1.0;PIP;19.0;Production Technician I;White;Professional Society;M;0.0;MA;N/A - still employed;2132.0;30;4
0;US Citizen;08/05/1980;29/09/2014;;Production;5.0;1204032927.0;4.0;1.0;Active;3.39;0.0;0.0;07/02/2019;11.0;Single;0.0;0.0;1;Very Low;16.0;4.0;Exceeds;19.0;Production Technician I;Two or more races;Professional Society;F;0.0;MA;N/A - still employed;2451.0;39;5
0;US Citizen;02/05/1974;12/05/2014;;Production;5.0;1404066622.0;4.0;1.0;Active;4.76;0.0;0.0;15/02/2019;11.0;Married;1.0;1.0;1;Low;20.0;4.0;Exceeds;19.0;Production Technician I;White;Monster.com;F;0.0;MA;N/A - still employed;1886.0;45;5
1;US Citizen;08/10/1970;26/09/2011;09/01/2012;Production;5.0;903013071.0;4.0;5.0;Voluntarily Terminated;3.49;0.0;0.0;;11.0;Married;1.0;1.0;1;Moderate;24.0;3.0;Fully Meets;19.0;Production Technician I;White;Search Engine - Google Bing Yahoo;F;0.0;MA;more money;2127.0;49;8
1;US Citizen;09/11/1972;24/09/2012;26/09/2012;Production;5.0;1201031032.0;4.0;5.0;Voluntarily Terminated;03.08;0.0;1.0;;11.0;Widowed;4.0;0.0;1;Very Low;15.0;3.0;Fully Meets;19.0;Production Technician I;White;Pay Per Click;M;0.0;MA;hours;1938.0;47;7
1;US Citizen;28/03/1983;01/04/2013;25/05/2016;Production;5.0;1204033044.0;3.0;5.0;Voluntarily Terminated;3.18;0.0;1.0;;11.0;Married;1.0;1.0;1;Low;22.0;3.0;Fully Meets;19.0;Production Technician I;White;Employee Referral;M;0.0;MA;more money;2421.0;36;6
1;US Citizen;20/07/1986;16/05/2011;25/10/2015;Production;5.0;1109029186.0;4.0;5.0;Voluntarily Terminated;3.45;0.0;0.0;;11.0;Single;0.0;0.0;1;Low;22.0;3.0;Fully Meets;19.0;Production Technician I;White;MBTA ads;F;0.0;MA;medical issues;2176.0;33;8
1;US Citizen;07/01/1974;10/01/2011;26/01/2016;Production;5.0;1206038000.0;3.0;5.0;Voluntarily Terminated;5.0;0.0;1.0;;11.0;Married;1.0;1.0;1;Moderate;24.0;3.0;Fully Meets;19.0;Production Technician I;Black or African American;Glassdoor;M;0.0;MA;attendance;1420.0;45;8
0;US Citizen;24/08/1985;19/08/2013;;Production;5.0;1205033102.0;4.0;1.0;Active;4.81;0.0;0.0;15/02/2019;11.0;Married;1.0;1.0;1;Very Low;15.0;3.0;Fully Meets;19.0;Production Technician I;White;Newspager/Magazine;F;0.0;MA;N/A - still employed;2149.0;34;6
1;US Citizen;09/05/1965;05/07/2011;05/09/2011;Production;5.0;1404066739.0;4.0;5.0;Voluntarily Terminated;3.98;0.0;0.0;;11.0;Single;0.0;0.0;1;Low;20.0;3.0;Fully Meets;19.0;Production Technician I;White;Billboard;F;0.0;MA;return to school;2066.0;54;8
1;Eligible NonCitizen;09/09/1965;16/05/2011;07/09/2015;Production;5.0;1101023839.0;3.0;5.0;Voluntarily Terminated;5.0;0.0;1.0;;11.0;Married;1.0;1.0;1;Low;21.0;3.0;Fully Meets;19.0;Production Technician I;White;Website Banner Ads;M;0.0;MA;unhappy;2324.0;54;8
0;US Citizen;11/02/1970;06/07/2009;;Production;5.0;1212051409.0;3.0;3.0;Leave of Absence;4.46;1.0;0.0;25/01/2019;12.0;Single;0.0;0.0;1;Low;22.0;3.0;Fully Meets;19.0;Production Technician I;Two or more races;Diversity Job Fair;F;0.0;MA;N/A - still employed;1902.0;49;10
0;US Citizen;01/09/1989;07/07/2014;;Production;5.0;1308060366.0;3.0;1.0;Active;5.0;0.0;0.0;27/02/2019;12.0;Married;1.0;1.0;1;Very Low;16.0;4.0;Exceeds;19.0;Production Technician I;White;Professional Society;F;0.0;MA;N/A - still employed;2031.0;30;5
1;US Citizen;26/08/1980;06/07/2016;;Production;5.0;1407069280.0;4.0;2.0;Future Start;1.97;0.0;1.0;28/02/2019;12.0;Married;1.0;1.0;1;Moderate;24.75;4.0;Exceeds;19.0;Production Technician I;White;Employee Referral;M;0.0;MA;N/A - Has not started yet;2134.0;39;3
0;US Citizen;02/12/1978;07/01/2013;;Production;5.0;1209048696.0;4.0;1.0;Active;3.88;0.0;0.0;18/01/2019;12.0;Married;1.0;1.0;1;Low;22.0;2.0;Needs Improvement;19.0;Production Technician I;Black or African American;Pay Per Click - Google;F;0.0;MA;N/A - still employed;2351.0;41;6
0;US Citizen;16/03/1981;09/01/2012;;Production;5.0;1006020020.0;5.0;1.0;Active;5.0;0.0;0.0;29/01/2019;12.0;Married;1.0;1.0;1;Moderate;24.0;3.0;Fully Meets;19.0;Production Technician I;White;Social Networks - Facebook Twitter etc;F;0.0;MA;N/A - still employed;2155.0;38;7
0;US Citizen;29/09/1969;11/07/2011;;Production;5.0;1411071212.0;4.0;1.0;Active;1.83;1.0;1.0;18/02/2019;12.0;Divorced;2.0;0.0;1;Very Low;16.0;4.0;Exceeds;19.0;Production Technician I;American Indian or Alaska Native;Diversity Job Fair;M;0.0;MA;N/A - still employed;2108.0;50;8
0;US Citizen;28/01/1991;19/08/2013;;Production;5.0;1408069882.0;3.0;1.0;Active;3.99;0.0;0.0;14/01/2019;12.0;Single;0.0;0.0;1;Very Low;16.0;3.0;Fully Meets;19.0;Production Technician I;White;Professional Society;F;0.0;MA;N/A - still employed;1775.0;28;6
0;US Citizen;02/02/1980;10/01/2011;;Production;5.0;1311062610.0;3.0;1.0;Active;3.38;0.0;1.0;21/01/2019;12.0;Married;1.0;1.0;1;Low;21.0;3.0;Fully Meets;19.0;Production Technician I;Asian;Pay Per Click - Google;M;0.0;MA;N/A - still employed;1801.0;39;8
0;US Citizen;07/11/1974;11/11/2013;;Production;5.0;1308060754.0;3.0;1.0;Active;01.04;0.0;0.0;22/01/2019;12.0;Married;1.0;1.0;1;Moderate;23.0;3.0;Fully Meets;19.0;Production Technician I;White;On-campus Recruiting;F;0.0;MA;N/A - still employed;2451.0;45;6
0;US Citizen;03/06/1967;01/04/2013;;Production;5.0;1403066020.0;3.0;1.0;Active;1.12;1.0;0.0;13/02/2019;12.0;Separated;3.0;0.0;1;Very Low;15.0;4.0;Exceeds;19.0;Production Technician I;Asian;Diversity Job Fair;F;0.0;MA;N/A - still employed;1810.0;52;6
1;US Citizen;06/03/1988;05/07/2011;30/11/2012;Production;5.0;1305057440.0;3.0;5.0;Voluntarily Terminated;5.0;0.0;1.0;;12.0;Married;1.0;1.0;1;Very Low;18.0;3.0;Fully Meets;19.0;Production Technician I;White;Search Engine - Google Bing Yahoo;M;0.0;MA;more money;2451.0;31;8
0;US Citizen;28/01/1985;08/07/2013;;Production;5.0;1011022887.0;5.0;1.0;Active;03.02;0.0;1.0;11/02/2019;12.0;Widowed;4.0;0.0;1;Very Low;17.0;4.0;Exceeds;19.0;Production Technician I;White;Employee Referral;M;0.0;MA;N/A - still employed;1730.0;34;6
0;US Citizen;20/07/1968;20/02/2012;;Production;5.0;1410071137.0;2.0;1.0;Active;4.11;0.0;0.0;25/02/2019;12.0;Married;1.0;1.0;1;Very Low;16.0;1.0;PIP;19.0;Production Technician I;White;Billboard;F;0.0;MA;N/A - still employed;2093.0;51;7
0;US Citizen;05/06/1967;18/02/2013;;Production;5.0;1409070255.0;5.0;1.0;Active;4.21;0.0;0.0;14/01/2019;12.0;Divorced;2.0;0.0;1;Moderate;24.0;3.0;Fully Meets;19.0;Production Technician I;Black or African American;Billboard;F;0.0;MA;N/A - still employed;2093.0;52;6
1;US Citizen;04/05/1982;02/09/2008;29/09/2015;Production;5.0;1001268402.0;2.0;5.0;Voluntarily Terminated;4.29;0.0;0.0;;12.0;Single;0.0;0.0;1;Low;22.0;1.0;PIP;19.0;Production Technician I;Asian;Search Engine - Google Bing Yahoo;F;0.0;MA;Another position;2458.0;37;11
1;US Citizen;12/01/1974;10/01/2011;12/01/2011;Production;5.0;1307060083.0;4.0;5.0;Voluntarily Terminated;1.79;1.0;0.0;;14.0;Married;1.0;1.0;1;Very Low;17.0;3.0;Fully Meets;19.0;Production Technician I;Hispanic;Diversity Job Fair;F;0.0;MA;Another position;1902.0;45;8
1;US Citizen;24/08/1990;02/04/2012;15/06/2013;Production;5.0;1406068293.0;4.0;5.0;Voluntarily Terminated;3.35;0.0;0.0;;14.0;Married;1.0;1.0;1;Low;20.0;3.0;Fully Meets;19.0;Production Technician I;White;Search Engine - Google Bing Yahoo;F;0.0;MA;Another position;1701.0;29;7
0;US Citizen;08/09/1977;08/07/2013;;Production;5.0;1599991009.0;5.0;1.0;Active;1.51;0.0;1.0;14/01/2019;14.0;Single;0.0;0.0;1;Very Low;15.0;3.0;Fully Meets;19.0;Production Technician I;White;Employee Referral;M;0.0;MA;N/A - still employed;2452.0;42;6
0;US Citizen;07/10/1986;02/04/2012;;Production;5.0;1202031618.0;5.0;1.0;Active;2.79;0.0;0.0;19/02/2019;14.0;Single;0.0;0.0;1;Very Low;16.75;3.0;Fully Meets;19.0;Production Technician I;White;Monster.com;F;0.0;MA;N/A - still employed;2125.0;33;7
0;US Citizen;15/09/1985;30/03/2015;;Production;5.0;1309061015.0;3.0;1.0;Active;4.5;0.0;1.0;18/02/2019;14.0;Single;0.0;0.0;1;Very Low;19.0;3.0;Fully Meets;19.0;Production Technician I;White;Employee Referral;M;0.0;MA;N/A - still employed;1905.0;34;4
0;US Citizen;21/05/1979;02/07/2012;;Production;5.0;1106026579.0;3.0;1.0;Active;5.0;0.0;1.0;14/01/2019;14.0;Married;1.0;1.0;1;Very Low;15.0;3.0;Fully Meets;19.0;Production Technician I;White;MBTA ads;M;0.0;MA;N/A - still employed;2169.0;40;7
0;US Citizen;11/09/1972;05/11/2012;;Production;5.0;1201031438.0;3.0;1.0;Active;2.32;0.0;0.0;17/01/2019;14.0;Single;0.0;0.0;1;Low;20.0;3.0;Fully Meets;19.0;Production Technician I;White;Newspager/Magazine;F;0.0;MA;N/A - still employed;2081.0;47;7
0;US Citizen;09/12/1986;09/07/2012;;Production;5.0;1304055987.0;5.0;1.0;Active;5.0;0.0;1.0;04/02/2019;14.0;Married;1.0;1.0;1;Very Low;17.0;3.0;Fully Meets;19.0;Production Technician I;White;Newspager/Magazine;M;0.0;MA;N/A - still employed;2048.0;33;7
0;US Citizen;22/11/1977;31/05/2011;;Production;5.0;1401064327.0;4.0;1.0;Active;5.0;0.0;0.0;10/01/2019;14.0;Married;1.0;1.0;1;Low;20.0;3.0;Fully Meets;19.0;Production Technician I;White;Other;F;0.0;MA;N/A - still employed;2330.0;42;8
0;US Citizen;07/07/1984;08/07/2013;;Production;5.0;1203032357.0;5.0;1.0;Active;2.79;0.0;0.0;02/01/2019;14.0;Single;0.0;0.0;1;Very Low;19.0;3.0;Fully Meets;19.0;Production Technician I;White;Vendor Referral;F;0.0;MA;N/A - still employed;2132.0;35;6
0;US Citizen;23/11/1981;05/11/2007;;Production;5.0;1001735072.0;3.0;1.0;Active;3.66;0.0;1.0;25/02/2019;14.0;Single;0.0;0.0;1;Very Low;17.0;3.0;Fully Meets;19.0;Production Technician I;Black or African American;Search Engine - Google Bing Yahoo;M;0.0;MA;N/A - still employed;2451.0;38;12
0;US Citizen;05/12/1974;06/01/2014;;Production;5.0;710007555.0;4.0;1.0;Active;5.0;0.0;0.0;31/01/2019;14.0;Separated;3.0;0.0;1;Very Low;17.0;3.0;Fully Meets;19.0;Production Technician I;White;Website Banner Ads;F;0.0;MA;N/A - still employed;1886.0;45;5
1;US Citizen;26/03/1973;13/05/2013;29/06/2015;Production;5.0;1405067138.0;4.0;5.0;Voluntarily Terminated;1.97;0.0;0.0;;14.0;Divorced;2.0;0.0;1;Low;21.0;4.0;Exceeds;19.0;Production Technician I;White;MBTA ads;F;0.0;MA;unhappy;2359.0;46;6
0;US Citizen;16/05/1983;17/02/2014;;Production;5.0;1012023152.0;5.0;1.0;Active;2.44;0.0;0.0;11/02/2019;14.0;Single;0.0;0.0;1;Low;22.0;2.0;Needs Improvement;19.0;Production Technician I;White;Professional Society;F;0.0;MA;N/A - still employed;2021.0;36;5
0;US Citizen;17/08/1978;29/09/2014;;Production;5.0;1211051232.0;5.0;1.0;Active;1.24;0.0;0.0;30/01/2019;14.0;Widowed;4.0;0.0;1;Very Low;15.0;3.0;Fully Meets;19.0;Production Technician I;Asian;On-campus Recruiting;F;0.0;MA;N/A - still employed;1730.0;41;5
0;US Citizen;27/09/1988;07/01/2008;;Production;5.0;1011022883.0;5.0;1.0;Active;4.84;0.0;0.0;03/01/2019;16.0;Married;1.0;1.0;1;Low;21.0;3.0;Fully Meets;19.0;Production Technician I;White;Billboard;F;0.0;MA;N/A - still employed;1886.0;31;11
0;Eligible NonCitizen;27/10/1970;04/04/2011;;Production;5.0;1403066194.0;5.0;1.0;Active;5.0;0.0;0.0;14/01/2019;16.0;Single;0.0;0.0;1;Low;22.0;3.0;Fully Meets;19.0;Production Technician I;White;Search Engine - Google Bing Yahoo;F;0.0;MA;N/A - still employed;1915.0;49;8
0;US Citizen;12/02/1979;12/05/2014;;Production;5.0;1305057282.0;4.0;1.0;Active;2.73;0.0;0.0;19/02/2019;16.0;Single;0.0;0.0;1;Low;19.5;3.0;Fully Meets;19.0;Production Technician I;White;Internet Search;F;0.0;MA;N/A - still employed;2170.0;40;5
0;US Citizen;05/11/1978;02/07/2012;;Production;5.0;1001109612.0;3.0;1.0;Active;5.0;0.0;0.0;25/02/2019;16.0;Married;1.0;1.0;1;Very Low;15.0;3.0;Fully Meets;19.0;Production Technician I;White;Billboard;F;0.0;MA;N/A - still employed;2110.0;41;7
1;US Citizen;06/05/1989;17/02/2014;25/02/2014;Production;5.0;1107027392.0;3.0;4.0;Terminated for Cause;01.04;0.0;0.0;;16.0;Single;0.0;0.0;1;Very Low;18.0;2.0;Needs Improvement;19.0;Production Technician I;White;Word of Mouth;F;0.0;MA;no-call, no-show;2458.0;30;5
1;US Citizen;15/05/1970;07/11/2011;15/11/2011;Production;5.0;1308060622.0;4.0;5.0;Voluntarily Terminated;4.24;1.0;0.0;;16.0;Divorced;2.0;0.0;1;Low;22.0;3.0;Fully Meets;19.0;Production Technician I;White;Diversity Job Fair;F;0.0;MA;hours;2330.0;49;8
0;US Citizen;02/09/1982;14/05/2012;;Production;5.0;1406068241.0;3.0;1.0;Active;1.83;0.0;1.0;22/02/2019;16.0;Married;1.0;1.0;1;Low;21.0;3.0;Fully Meets;19.0;Production Technician I;Asian;Search Engine - Google Bing Yahoo;M;0.0;MA;N/A - still employed;1776.0;37;7
1;US Citizen;17/04/1986;10/01/2011;01/04/2016;Production;5.0;1107027450.0;4.0;5.0;Voluntarily Terminated;4.0;0.0;0.0;;16.0;Married;1.0;1.0;1;Low;21.0;3.0;Fully Meets;19.0;Production Technician I;White;Monster.com;F;0.0;MA;unhappy;2446.0;33;8
0;US Citizen;22/10/1975;16/02/2015;;Production;5.0;1101023353.0;3.0;3.0;Leave of Absence;5.0;0.0;0.0;23/01/2019;16.0;Married;1.0;1.0;1;Low;20.0;3.0;Fully Meets;19.0;Production Technician I;Black or African American;Website Banner Ads;F;0.0;MA;N/A - still employed;2122.0;44;4
0;US Citizen;07/07/1984;01/04/2013;;Production;5.0;1102024121.0;4.0;1.0;Active;1.76;0.0;0.0;17/01/2019;16.0;Divorced;2.0;0.0;1;Very Low;15.0;3.0;Fully Meets;19.0;Production Technician I;White;MBTA ads;F;0.0;MA;N/A - still employed;2453.0;35;6
1;US Citizen;01/05/1979;07/02/2011;12/01/2014;Production;5.0;1109029531.0;4.0;5.0;Voluntarily Terminated;3.89;0.0;0.0;;16.0;Married;1.0;1.0;1;Very Low;18.0;3.0;Fully Meets;19.0;Production Technician I;White;Social Networks - Facebook Twitter etc;F;0.0;MA;Another position;2351.0;40;8
1;US Citizen;22/07/1982;16/05/2011;15/01/2016;Production;5.0;1211050793.0;4.0;5.0;Voluntarily Terminated;5.0;0.0;1.0;;16.0;Divorced;2.0;0.0;1;Low;20.0;3.0;Fully Meets;19.0;Production Technician I;White;Professional Society;M;0.0;MA;retiring;2176.0;37;8
0;US Citizen;10/07/1988;29/09/2014;;Production;5.0;1302053362.0;3.0;1.0;Active;3.51;0.0;0.0;18/02/2019;16.0;Married;1.0;1.0;1;Low;21.0;3.0;Fully Meets;19.0;Production Technician I;Black or African American;On-campus Recruiting;F;0.0;MA;N/A - still employed;2154.0;31;5
0;Eligible NonCitizen;15/08/1968;14/05/2012;;Production;5.0;1407069061.0;5.0;1.0;Active;2.77;0.0;0.0;31/01/2019;16.0;Single;0.0;0.0;1;Very Low;14.0;3.0;Fully Meets;19.0;Production Technician I;Asian;Glassdoor;F;0.0;MA;N/A - still employed;2718.0;51;7
1;US Citizen;02/08/1980;13/08/2012;01/09/2015;Production;5.0;1101023619.0;3.0;5.0;Voluntarily Terminated;1.27;0.0;0.0;;16.0;Single;0.0;0.0;1;Very Low;15.0;2.0;Needs Improvement;19.0;Production Technician I;White;Monster.com;F;0.0;MA;career change;1887.0;39;7
0;US Citizen;20/07/1983;20/02/2012;;Production;5.0;1101023679.0;4.0;1.0;Active;1.41;0.0;1.0;14/02/2019;18.0;Single;0.0;0.0;1;Very Low;16.76;3.0;Fully Meets;19.0;Production Technician I;Two or more races;Social Networks - Facebook Twitter etc;M;0.0;MA;N/A - still employed;1810.0;36;7
0;US Citizen;02/02/1983;31/03/2014;;Production;5.0;1311063114.0;3.0;1.0;Active;4.43;0.0;1.0;01/02/2019;18.0;Single;0.0;0.0;1;Low;20.0;3.0;Fully Meets;19.0;Production Technician I;Black or African American;MBTA ads;M;0.0;MA;N/A - still employed;1701.0;36;5
0;US Citizen;31/03/1977;05/01/2015;;Production;5.0;1403066069.0;5.0;1.0;Active;4.73;0.0;0.0;14/02/2019;18.0;Married;1.0;1.0;1;Very Low;15.75;3.0;Fully Meets;19.0;Production Technician I;White;Billboard;F;0.0;MA;N/A - still employed;2189.0;42;4
0;US Citizen;31/05/1974;10/11/2014;;Production;5.0;1007020403.0;5.0;1.0;Active;1.86;0.0;1.0;13/02/2019;18.0;Single;0.0;0.0;1;Low;21.25;3.0;Fully Meets;19.0;Production Technician I;White;MBTA ads;M;0.0;MA;N/A - still employed;2026.0;45;5
0;US Citizen;25/08/1978;31/03/2014;;Production;5.0;1101023612.0;3.0;1.0;Active;02.05;0.0;1.0;11/01/2019;18.0;Married;1.0;1.0;1;Low;21.0;3.0;Fully Meets;19.0;Production Technician I;White;Employee Referral;M;0.0;MA;N/A - still employed;2045.0;41;5
0;US Citizen;02/12/1983;16/05/2011;;Production;5.0;1105026041.0;4.0;1.0;Active;1.66;0.0;0.0;26/02/2019;18.0;Single;0.0;0.0;1;Moderate;24.0;3.0;Fully Meets;19.0;Production Technician I;Black or African American;MBTA ads;F;0.0;MA;N/A - still employed;2121.0;36;8
1;US Citizen;21/05/1983;21/02/2011;11/01/2014;Production;5.0;1103024859.0;5.0;5.0;Voluntarily Terminated;5.0;0.0;0.0;;18.0;Divorced;2.0;0.0;1;Very Low;14.0;3.0;Fully Meets;19.0;Production Technician I;White;Monster.com;F;0.0;MA;more money;2176.0;36;8
0;US Citizen;13/04/1964;06/01/2014;;Production;5.0;1412071713.0;5.0;1.0;Active;5.0;0.0;0.0;21/01/2019;18.0;Separated;3.0;0.0;1;Very Low;19.0;3.0;Fully Meets;19.0;Production Technician I;White;On-campus Recruiting;F;0.0;MA;N/A - still employed;2109.0;55;5
1;US Citizen;18/10/1981;21/02/2011;04/08/2011;Production;5.0;1107027575.0;4.0;4.0;Terminated for Cause;5.0;0.0;1.0;;18.0;Single;0.0;0.0;1;Very Low;15.0;3.0;Fully Meets;19.0;Production Technician I;White;Social Networks - Facebook Twitter etc;M;0.0;MA;attendance;2050.0;38;8
1;US Citizen;30/05/1968;02/04/2012;11/11/2015;Production;5.0;1409070245.0;4.0;5.0;Voluntarily Terminated;4.18;1.0;0.0;;18.0;Single;0.0;0.0;1;Very Low;14.0;3.0;Fully Meets;19.0;Production Technician I;Black or African American;Diversity Job Fair;F;0.0;MA;Another position;1760.0;51;7
0;US Citizen;11/12/1976;30/09/2013;;Production;5.0;1404066949.0;3.0;1.0;Active;2.86;0.0;1.0;07/02/2019;18.0;Married;1.0;1.0;1;Very Low;16.0;4.0;Exceeds;19.0;Production Technician I;White;On-campus Recruiting;M;0.0;MA;N/A - still employed;2478.0;43;6
0;US Citizen;19/06/1961;06/01/2014;;Production;5.0;1401064562.0;3.0;1.0;Active;2.45;0.0;1.0;07/01/2019;18.0;Single;0.0;0.0;1;Very Low;16.0;3.0;Fully Meets;19.0;Production Technician I;White;Employee Referral;M;0.0;MA;N/A - still employed;2109.0;58;5
1;US Citizen;06/06/1968;04/07/2016;;Production;5.0;1410070998.0;4.0;2.0;Future Start;1.12;1.0;0.0;18/02/2019;18.0;Single;0.0;0.0;1;Low;20.0;2.0;Needs Improvement;19.0;Production Technician I;Black or African American;Diversity Job Fair;F;0.0;MA;N/A - Has not started yet;1801.0;51;3
0;US Citizen;14/03/1985;17/02/2014;;Production;5.0;1106026896.0;3.0;1.0;Active;1.39;0.0;1.0;11/01/2019;18.0;Married;1.0;1.0;1;Low;22.0;3.0;Fully Meets;19.0;Production Technician I;Asian;On-campus Recruiting;M;0.0;MA;N/A - still employed;2301.0;34;5
1;US Citizen;03/06/1986;26/09/2011;08/02/2016;Production;5.0;1011022814.0;5.0;4.0;Terminated for Cause;2.79;0.0;0.0;;18.0;Married;1.0;1.0;1;Low;21.0;4.0;Exceeds;19.0;Production Technician I;White;Social Networks - Facebook Twitter etc;F;0.0;MA;gross misconduct;2747.0;33;8
0;US Citizen;18/02/1983;30/09/2013;;Production;5.0;1301052124.0;4.0;1.0;Active;5.0;0.0;1.0;25/02/2019;19.0;Widowed;4.0;0.0;1;Low;22.0;3.0;Fully Meets;19.0;Production Technician I;White;Employee Referral;M;0.0;MA;N/A - still employed;2199.0;36;6
0;US Citizen;27/12/1958;19/08/2013;;Production;5.0;1412071844.0;3.0;1.0;Active;2.39;0.0;0.0;10/01/2019;19.0;Divorced;2.0;0.0;1;Low;22.0;3.0;Fully Meets;19.0;Production Technician I;Asian;Billboard;F;0.0;MA;N/A - still employed;2027.0;60;6
0;Non-Citizen;31/05/1988;03/10/2011;;Production;5.0;1012023295.0;5.0;1.0;Active;3.58;0.0;0.0;30/01/2019;19.0;Single;0.0;0.0;1;Low;22.0;3.0;Fully Meets;19.0;Production Technician I;Black or African American;Pay Per Click - Google;F;0.0;MA;N/A - still employed;2044.0;31;8
0;US Citizen;15/11/1982;12/05/2014;;Production;5.0;706006285.0;4.0;1.0;Active;1.13;0.0;1.0;19/02/2019;19.0;Single;0.0;0.0;1;Low;21.0;3.0;Fully Meets;19.0;Production Technician I;White;Pay Per Click - Google;M;0.0;MA;N/A - still employed;2180.0;37;5
0;US Citizen;10/06/1986;20/02/2012;;Production;5.0;803009012.0;4.0;1.0;Active;1.85;0.0;0.0;07/01/2019;19.0;Single;0.0;0.0;1;Moderate;23.0;3.0;Fully Meets;19.0;Production Technician I;White;Newspager/Magazine;F;0.0;MA;N/A - still employed;2176.0;33;7
0;US Citizen;18/06/1992;11/11/2013;;Production;5.0;1408069539.0;5.0;1.0;Active;1.94;0.0;0.0;18/02/2019;19.0;Single;0.0;0.0;1;Very Low;17.0;3.0;Fully Meets;19.0;Production Technician I;White;Glassdoor;F;0.0;MA;N/A - still employed;2451.0;27;6
0;US Citizen;04/01/1984;13/08/2012;;Production;5.0;1002017900.0;4.0;1.0;Active;4.17;0.0;1.0;11/02/2019;19.0;Single;0.0;0.0;1;Very Low;19.0;3.0;Fully Meets;19.0;Production Technician I;White;Social Networks - Facebook Twitter etc;M;0.0;MA;N/A - still employed;2149.0;35;7
0;US Citizen;10/11/1977;17/02/2014;;Production;5.0;1304055683.0;3.0;1.0;Active;2.79;0.0;1.0;06/02/2019;19.0;Single;0.0;0.0;1;Very Low;14.0;3.0;Fully Meets;19.0;Production Technician I;Black or African American;On-campus Recruiting;M;0.0;MA;N/A - still employed;1721.0;42;5
0;US Citizen;07/07/1986;06/01/2014;;Production;5.0;1209049259.0;4.0;1.0;Active;2.55;0.0;0.0;26/02/2019;19.0;Single;0.0;0.0;1;Very Low;17.0;3.0;Fully Meets;19.0;Production Technician I;White;Newspager/Magazine;F;0.0;MA;N/A - still employed;2189.0;33;5
0;US Citizen;08/04/1977;12/05/2014;;Production;5.0;1302053044.0;5.0;3.0;Leave of Absence;5.0;0.0;1.0;18/02/2019;19.0;Married;1.0;1.0;1;Low;21.0;3.0;Fully Meets;19.0;Production Technician I;White;On-campus Recruiting;M;0.0;MA;N/A - still employed;2136.0;42;5
0;US Citizen;23/09/1973;26/04/2010;;Production;5.0;1307059944.0;3.0;1.0;Active;2.72;0.0;0.0;21/01/2019;19.0;Married;1.0;1.0;1;Very Low;17.0;3.0;Fully Meets;19.0;Production Technician I;White;Search Engine - Google Bing Yahoo;F;0.0;MA;N/A - still employed;1749.0;46;9
1;US Citizen;07/01/1985;10/01/2011;17/05/2016;Production;5.0;1403065625.0;3.0;4.0;Terminated for Cause;3.6;0.0;0.0;;19.0;Married;1.0;1.0;1;Very Low;16.0;2.0;Needs Improvement;19.0;Production Technician I;White;Glassdoor;F;0.0;MA;attendance;1460.0;34;8
0;US Citizen;02/02/1965;11/11/2013;;Production;5.0;1501071909.0;3.0;1.0;Active;3.73;0.0;0.0;24/01/2019;19.0;Single;0.0;0.0;1;Moderate;24.5;3.0;Fully Meets;19.0;Production Technician I;White;Employee Referral;F;0.0;MA;N/A - still employed;2130.0;54;6
1;US Citizen;30/07/1983;10/01/2011;14/05/2011;Production;5.0;1103024504.0;5.0;5.0;Voluntarily Terminated;2.81;0.0;0.0;;19.0;Divorced;2.0;0.0;1;Low;20.0;3.0;Fully Meets;19.0;Production Technician I;White;Social Networks - Facebook Twitter etc;F;0.0;MA;Another position;1876.0;36;8
1;US Citizen;02/10/1969;09/01/2012;27/06/2015;Production;5.0;1308060671.0;4.0;5.0;Voluntarily Terminated;1.44;1.0;0.0;;19.0;Single;0.0;0.0;1;Very Low;16.0;3.0;Fully Meets;19.0;Production Technician I;Two or more races;Diversity Job Fair;F;0.0;MA;relocation out of area;2109.0;50;7
1;US Citizen;21/02/1974;02/04/2012;19/09/2012;Production;5.0;1312063507.0;3.0;5.0;Voluntarily Terminated;1.98;1.0;1.0;;20.0;Married;1.0;1.0;1;Low;22.0;3.0;Fully Meets;19.0;Production Technician I;Asian;Diversity Job Fair;M;0.0;MA;unhappy;2062.0;45;7
0;US Citizen;30/10/1969;11/11/2013;;Production;5.0;1408069635.0;5.0;3.0;Leave of Absence;2.83;1.0;0.0;21/01/2019;20.0;Separated;3.0;0.0;1;Low;20.0;3.0;Fully Meets;19.0;Production Technician I;Black or African American;Diversity Job Fair;F;0.0;MA;N/A - still employed;2043.0;50;6
1;US Citizen;12/08/1979;11/07/2011;23/09/2012;Production;5.0;1001450968.0;3.0;4.0;Terminated for Cause;1.42;0.0;1.0;;20.0;Single;0.0;0.0;1;Very Low;15.0;2.0;Needs Improvement;19.0;Production Technician I;Black or African American;MBTA ads;M;0.0;MA;performance;1880.0;40;8
1;US Citizen;05/09/1991;04/04/2011;06/06/2013;Production;5.0;1406067865.0;3.0;5.0;Voluntarily Terminated;5.0;0.0;0.0;;20.0;Married;1.0;1.0;1;Very Low;17.0;3.0;Fully Meets;19.0;Production Technician I;White;Search Engine - Google Bing Yahoo;F;0.0;MA;military;2343.0;28;8
0;US Citizen;18/04/1980;08/07/2013;;Production;5.0;1104025414.0;4.0;1.0;Active;2.61;0.0;1.0;22/01/2019;20.0;Single;0.0;0.0;1;Very Low;18.0;3.0;Fully Meets;19.0;Production Technician I;Asian;Professional Society;M;0.0;MA;N/A - still employed;1550.0;39;6
0;US Citizen;09/10/1974;19/08/2013;;Production;5.0;1312063675.0;5.0;3.0;Leave of Absence;1.71;0.0;0.0;15/02/2019;20.0;Married;1.0;1.0;1;Moderate;24.0;3.0;Fully Meets;19.0;Production Technician I;Asian;On-campus Recruiting;F;0.0;MA;N/A - still employed;1864.0;45;6
0;US Citizen;22/03/1966;30/09/2013;;Production;5.0;1503072857.0;5.0;1.0;Active;02.05;0.0;0.0;22/02/2019;20.0;Divorced;2.0;0.0;1;Low;21.0;3.0;Fully Meets;19.0;Production Technician I;White;Employee Referral;F;0.0;MA;N/A - still employed;1778.0;53;6
1;US Citizen;17/01/1979;26/09/2011;19/08/2013;Production;5.0;1408069409.0;3.0;5.0;Voluntarily Terminated;4.88;0.0;0.0;;20.0;Single;0.0;0.0;1;Very Low;19.0;3.0;Fully Meets;19.0;Production Technician I;Asian;Monster.com;F;0.0;MA;return to school;1810.0;40;8
0;US Citizen;07/01/1987;07/01/2013;;Production;5.0;909015167.0;3.0;1.0;Active;3.93;0.0;0.0;30/01/2019;20.0;Married;1.0;1.0;1;Moderate;24.0;3.0;Fully Meets;19.0;Production Technician I;Black or African American;Monster.com;F;0.0;MA;N/A - still employed;2184.0;32;6
1;US Citizen;30/09/1980;31/03/2014;01/05/2016;Production;5.0;1206044851.0;2.0;4.0;Terminated for Cause;03.09;0.0;0.0;;20.0;Single;0.0;0.0;1;Very Low;18.5;1.0;PIP;19.0;Production Technician I;Two or more races;Professional Society;F;0.0;MA;performance;2152.0;39;5
1;Eligible NonCitizen;15/10/1984;16/05/2011;04/06/2011;Production;5.0;1102024274.0;4.0;5.0;Voluntarily Terminated;3.17;0.0;0.0;;20.0;Divorced;2.0;0.0;1;Very Low;19.0;3.0;Fully Meets;19.0;Production Technician I;Asian;Social Networks - Facebook Twitter etc;F;0.0;MA;Another position;1742.0;35;8
1;US Citizen;22/09/1970;24/09/2012;18/06/2013;Production;5.0;1011022926.0;5.0;5.0;Voluntarily Terminated;1.5;0.0;0.0;;20.0;Divorced;2.0;0.0;1;Very Low;16.0;3.0;Fully Meets;19.0;Production Technician I;White;Billboard;F;0.0;MA;unhappy;2474.0;49;7
1;US Citizen;18/03/1987;04/04/2011;13/08/2012;Production;5.0;1405067492.0;5.0;5.0;Voluntarily Terminated;5.0;0.0;1.0;;20.0;Single;0.0;0.0;1;Very Low;18.0;3.0;Fully Meets;19.0;Production Technician I;White;Search Engine - Google Bing Yahoo;M;0.0;MA;Another position;2155.0;32;8
0;US Citizen;25/08/1982;10/01/2011;;Production;5.0;1111030244.0;4.0;1.0;Active;01.05;0.0;0.0;07/02/2019;20.0;Divorced;2.0;0.0;1;Very Low;14.0;3.0;Fully Meets;19.0;Production Technician I;Two or more races;Word of Mouth;F;0.0;MA;N/A - still employed;2050.0;37;8
1;US Citizen;31/01/1987;13/08/2012;05/02/2016;Production;5.0;1203032235.0;5.0;5.0;Voluntarily Terminated;3.84;0.0;1.0;;20.0;Divorced;2.0;0.0;1;Very Low;19.0;4.0;Exceeds;19.0;Production Technician I;White;Information Session;M;0.0;MA;maternity leave - did not return;2171.0;32;7
0;US Citizen;10/07/1983;05/07/2011;;Production;5.0;1409070522.0;5.0;1.0;Active;2.51;0.0;1.0;17/01/2019;22.0;Single;0.0;0.0;1;Low;20.0;4.0;Exceeds;19.0;Production Technician I;White;MBTA ads;M;0.0;MA;N/A - still employed;1960.0;36;8
1;US Citizen;15/07/1977;24/09/2012;06/04/2013;Production;5.0;1212051962.0;5.0;5.0;Voluntarily Terminated;5.0;0.0;1.0;;22.0;Divorced;2.0;0.0;1;Very Low;18.0;3.0;Fully Meets;19.0;Production Technician I;White;On-line Web application;M;0.0;MA;Another position;2747.0;42;7
0;US Citizen;02/01/1951;29/09/2014;;Production;5.0;1208048062.0;4.0;1.0;Active;5.0;0.0;0.0;12/02/2019;22.0;Single;0.0;0.0;1;Very Low;16.0;3.0;Fully Meets;19.0;Production Technician I;White;Search Engine - Google Bing Yahoo;F;0.0;MA;N/A - still employed;2763.0;68;5
1;US Citizen;10/04/1987;06/07/2016;;Production;5.0;1311063172.0;5.0;2.0;Future Start;4.12;0.0;0.0;28/01/2019;22.0;Single;0.0;0.0;1;Low;19.75;3.0;Fully Meets;19.0;Production Technician I;White;Newspager/Magazine;F;0.0;MA;N/A - Has not started yet;1821.0;32;3
1;US Citizen;02/09/1983;02/04/2012;27/09/2014;Production;5.0;1104025243.0;4.0;4.0;Terminated for Cause;5.0;0.0;1.0;;22.0;Single;0.0;0.0;1;Very Low;17.0;2.0;Needs Improvement;19.0;Production Technician I;White;Word of Mouth;M;0.0;MA;attendance;2129.0;36;7
0;US Citizen;01/10/1990;30/03/2015;;Production;5.0;1501072192.0;3.0;1.0;Active;3.73;0.0;0.0;16/01/2019;22.0;Married;1.0;1.0;1;Very Low;19.0;3.0;Fully Meets;19.0;Production Technician I;Black or African American;Professional Society;F;0.0;MA;N/A - still employed;2145.0;29;4
0;US Citizen;23/03/1977;28/11/2011;;Production;5.0;1405067064.0;4.0;1.0;Active;4.2;0.0;0.0;22/02/2019;22.0;Married;1.0;1.0;1;Moderate;24.0;3.0;Fully Meets;19.0;Production Technician I;White;Word of Mouth;F;0.0;MA;N/A - still employed;2127.0;42;8
1;US Citizen;19/08/1959;07/11/2011;29/04/2016;Production;5.0;1105025721.0;4.0;5.0;Voluntarily Terminated;1.65;0.0;1.0;;22.0;Married;1.0;1.0;1;Very Low;17.0;4.0;Exceeds;19.0;Production Technician I;White;Monster.com;M;0.0;MA;more money;2445.0;60;8
0;US Citizen;19/01/1976;30/09/2013;;Production;5.0;1301052462.0;4.0;1.0;Active;03.07;0.0;1.0;23/01/2019;22.0;Single;0.0;0.0;1;Very Low;19.0;3.0;Fully Meets;19.0;Production Technician I;White;Billboard;M;0.0;MA;N/A - still employed;1887.0;43;6
1;US Citizen;26/03/1981;05/07/2011;26/09/2011;Production;5.0;1206042315.0;4.0;5.0;Voluntarily Terminated;3.18;0.0;0.0;;22.0;Married;1.0;1.0;1;Very Low;15.25;3.0;Fully Meets;19.0;Production Technician I;White;Internet Search;F;0.0;MA;unhappy;1886.0;38;8
0;US Citizen;22/09/1976;30/03/2015;;Production;5.0;1109029256.0;4.0;1.0;Active;5.0;0.0;0.0;21/01/2019;22.0;Single;0.0;0.0;1;Low;20.0;3.0;Fully Meets;19.0;Production Technician I;White;Monster.com;F;0.0;MA;N/A - still employed;2346.0;43;4
0;US Citizen;24/11/1979;17/02/2014;;Production;5.0;1103024335.0;3.0;1.0;Active;4.25;0.0;1.0;04/02/2019;22.0;Single;0.0;0.0;1;Low;22.0;2.0;Needs Improvement;19.0;Production Technician I;Black or African American;MBTA ads;M;0.0;MA;N/A - still employed;1760.0;40;5
1;US Citizen;31/12/1984;26/09/2011;07/04/2012;Production;5.0;1208048229.0;5.0;5.0;Voluntarily Terminated;3.8;0.0;1.0;;22.0;Divorced;2.0;0.0;1;Low;21.0;3.0;Fully Meets;19.0;Production Technician I;White;Pay Per Click - Google;M;0.0;MA;more money;2478.0;34;8
1;US Citizen;21/12/1974;05/01/2009;30/07/2010;Production;5.0;1308060535.0;5.0;5.0;Voluntarily Terminated;1.53;0.0;1.0;;22.0;Single;0.0;0.0;1;Low;21.0;3.0;Fully Meets;19.0;Production Technician I;White;Word of Mouth;M;0.0;MA;relocation out of area;2148.0;44;10
0;US Citizen;07/10/1982;05/01/2015;;Production;5.0;1201031310.0;5.0;1.0;Active;4.36;0.0;1.0;24/01/2019;22.0;Married;1.0;1.0;1;Very Low;19.0;3.0;Fully Meets;19.0;Production Technician I;White;Word of Mouth;M;0.0;MA;N/A - still employed;2747.0;37;4
1;US Citizen;06/04/1985;05/07/2015;;Production;5.0;1106026474.0;3.0;2.0;Future Start;3.21;0.0;0.0;29/01/2019;22.0;Single;0.0;0.0;1;Low;20.0;3.0;Fully Meets;19.0;Production Technician I;White;Newspager/Magazine;F;0.0;MA;N/A - Has not started yet;2124.0;34;4
1;US Citizen;08/09/1989;11/07/2011;06/09/2011;Production;5.0;1001417624.0;4.0;5.0;Voluntarily Terminated;5.0;0.0;0.0;;39.0;Divorced;2.0;0.0;1;Very Low;16.0;3.0;Fully Meets;19.0;Production Technician I;White;Word of Mouth;F;0.0;MA;return to school;2169.0;30;8
0;US Citizen;06/04/1979;08/07/2013;;Production;5.0;1110029777.0;4.0;3.0;Leave of Absence;01.09;0.0;1.0;11/01/2019;;Single;0.0;0.0;1;Very Low;17.0;3.0;Fully Meets;19.0;Production Technician I;Asian;MBTA ads;M;0.0;MA;N/A - still employed;2452.0;40;6
0;US Citizen;24/08/1983;08/07/2013;;Production;5.0;1111030129.0;5.0;1.0;Active;3.8;0.0;1.0;14/01/2019;;Single;0.0;0.0;1;Low;22.0;3.0;Fully Meets;19.0;Production Technician I;White;Newspager/Magazine;M;0.0;MA;N/A - still employed;1845.0;36;6
1;US Citizen;31/10/1977;16/05/2011;08/06/2015;Production;5.0;1306058816.0;4.0;5.0;Voluntarily Terminated;5.0;0.0;1.0;;39.0;Married;1.0;1.0;1;Moderate;23.5;3.0;Fully Meets;19.0;Production Technician I;White;Billboard;M;0.0;MA;unhappy;1810.0;42;8
1;US Citizen;14/04/1955;07/11/2011;17/05/2014;Production;5.0;1502072511.0;3.0;5.0;Voluntarily Terminated;3.13;0.0;0.0;;39.0;Married;1.0;1.0;1;Low;20.0;3.0;Fully Meets;19.0;Production Technician I;White;Search Engine - Google Bing Yahoo;F;0.0;MA;military;2176.0;64;8
1;US Citizen;09/08/1974;02/04/2012;25/06/2015;Production;5.0;1008020960.0;4.0;5.0;Voluntarily Terminated;3.97;1.0;1.0;;39.0;Married;1.0;1.0;1;Very Low;15.0;2.0;Needs Improvement;19.0;Production Technician I;Black or African American;Diversity Job Fair;M;0.0;MA;military;2062.0;45;7
1;US Citizen;18/08/1952;09/01/2012;15/12/2015;Production;5.0;1110029602.0;4.0;5.0;Voluntarily Terminated;4.64;0.0;0.0;;39.0;Single;0.0;0.0;1;Low;19.75;3.0;Fully Meets;19.0;Production Technician I;White;Monster.com;F;0.0;MA;retiring;2324.0;67;7
1;US Citizen;08/12/1973;26/09/2011;04/06/2015;Production;5.0;710007401.0;5.0;5.0;Voluntarily Terminated;3.6;0.0;0.0;;39.0;Married;1.0;1.0;1;Low;22.0;3.0;Fully Meets;19.0;Production Technician I;White;Search Engine - Google Bing Yahoo;F;0.0;MA;more money;2170.0;46;8
1;US Citizen;14/02/1973;07/11/2011;14/11/2015;Production;5.0;1001138521.0;4.0;5.0;Voluntarily Terminated;5.0;1.0;0.0;;39.0;Single;0.0;0.0;1;Very Low;19.0;4.0;Exceeds;19.0;Production Technician I;Two or more races;Diversity Job Fair;F;0.0;MA;Another position;1844.0;46;8
1;US Citizen;02/05/1989;26/09/2011;04/04/2014;Production;5.0;1204033041.0;3.0;5.0;Voluntarily Terminated;2.61;1.0;1.0;;39.0;Single;0.0;0.0;1;Very Low;18.0;3.0;Fully Meets;19.0;Production Technician I;Black or African American;Diversity Job Fair;M;0.0;MA;return to school;2110.0;30;8
1;US Citizen;17/03/1988;10/01/2011;28/12/2012;Production;5.0;1307060058.0;5.0;5.0;Voluntarily Terminated;3.54;0.0;1.0;;39.0;Single;0.0;0.0;1;Moderate;24.0;2.0;Needs Improvement;19.0;Production Technician I;Black or African American;Search Engine - Google Bing Yahoo;M;0.0;MA;career change;2458.0;31;8
0;US Citizen;12/01/1973;28/11/2011;;Production;5.0;1405067642.0;5.0;1.0;Active;4.36;0.0;0.0;11/02/2019;;Married;1.0;1.0;1;Low;22.0;4.0;Exceeds;19.0;Production Technician I;Asian;Search Engine - Google Bing Yahoo;F;0.0;MA;N/A - still employed;2171.0;46;8
0;US Citizen;10/03/1975;30/09/2013;;Production;5.0;807010161.0;5.0;3.0;Leave of Absence;5.0;0.0;0.0;21/02/2019;;Single;0.0;0.0;1;Very Low;15.2;3.0;Fully Meets;19.0;Production Technician I;Asian;Search Engine - Google Bing Yahoo;F;0.0;MA;N/A - still employed;2191.0;44;6
1;Non-Citizen;03/04/1975;27/04/2009;01/04/2013;Production;5.0;1405067501.0;5.0;5.0;Voluntarily Terminated;2.52;1.0;0.0;;39.0;Married;1.0;1.0;1;Very Low;15.0;3.0;Fully Meets;19.0;Production Technician I;Two or more races;Diversity Job Fair;F;0.0;MA;Another position;1801.0;44;10
1;US Citizen;24/05/1987;10/01/2011;15/05/2011;Production;5.0;1307060212.0;5.0;5.0;Voluntarily Terminated;5.0;0.0;1.0;;39.0;Single;0.0;0.0;1;Moderate;23.0;3.0;Fully Meets;19.0;Production Technician I;White;Newspager/Magazine;M;0.0;MA;hours;2030.0;32;8
0;US Citizen;02/03/1980;05/03/2012;;Production;5.0;1011022820.0;4.0;1.0;Active;4.51;0.0;0.0;21/02/2019;11.0;Single;0.0;0.0;1;Moderate;25.0;3.0;Fully Meets;20.0;Production Technician II;Black or African American;Employee Referral;F;0.0;MA;N/A - still employed;2148.0;39;7
1;US Citizen;01/10/1981;16/05/2011;24/06/2013;Production;5.0;1109029103.0;5.0;5.0;Voluntarily Terminated;4.76;0.0;1.0;;11.0;Single;0.0;0.0;1;High;29.0;3.0;Fully Meets;20.0;Production Technician II;White;Social Networks - Facebook Twitter etc;M;0.0;MA;hours;2143.0;38;8
1;US Citizen;22/09/1976;21/02/2011;01/04/2013;Production;5.0;1306058509.0;3.0;5.0;Voluntarily Terminated;3.72;0.0;0.0;;11.0;Divorced;2.0;0.0;1;Moderate;23.0;3.0;Fully Meets;20.0;Production Technician II;White;Search Engine - Google Bing Yahoo;F;0.0;MA;unhappy;1742.0;43;8
1;US Citizen;10/12/1986;05/07/2011;19/08/2011;Production;5.0;1304055986.0;4.0;5.0;Voluntarily Terminated;5.0;0.0;0.0;;11.0;Married;1.0;1.0;1;Moderate;23.0;3.0;Fully Meets;20.0;Production Technician II;Two or more races;Newspager/Magazine;F;0.0;MA;Another position;2176.0;33;8
1;US Citizen;18/07/1989;05/07/2011;15/09/2011;Production;5.0;1202031821.0;5.0;5.0;Voluntarily Terminated;01.03;0.0;0.0;;11.0;Married;1.0;1.0;1;High;28.0;2.0;Needs Improvement;20.0;Production Technician II;Asian;Monster.com;F;0.0;MA;unhappy;2472.0;30;8
1;US Citizen;15/03/1985;10/01/2011;02/07/2012;Production;5.0;1107027551.0;3.0;5.0;Voluntarily Terminated;1.3;0.0;0.0;;11.0;Single;0.0;0.0;1;Low;22.0;3.0;Fully Meets;20.0;Production Technician II;White;Vendor Referral;F;0.0;MA;unhappy;1778.0;34;8
1;US Citizen;31/08/1981;16/05/2011;07/01/2013;Production;5.0;1012023226.0;5.0;5.0;Voluntarily Terminated;1.16;0.0;0.0;;12.0;Married;1.0;1.0;1;Moderate;25.0;3.0;Fully Meets;20.0;Production Technician II;White;Word of Mouth;F;0.0;MA;unhappy;1752.0;38;8
1;US Citizen;12/10/1964;26/04/2010;30/05/2011;Production;5.0;1411071324.0;3.0;5.0;Voluntarily Terminated;4.35;1.0;1.0;;12.0;Married;1.0;1.0;1;High;29.0;1.0;PIP;20.0;Production Technician II;Black or African American;Diversity Job Fair;M;0.0;MA;career change;2128.0;55;9
0;US Citizen;08/09/1969;07/07/2014;;Production;5.0;1306057810.0;3.0;1.0;Active;1.51;0.0;0.0;11/01/2019;12.0;Single;0.0;0.0;1;Moderate;25.0;4.0;Exceeds;20.0;Production Technician II;White;Professional Society;F;0.0;MA;N/A - still employed;2128.0;50;5
1;US Citizen;29/06/1985;15/08/2011;04/09/2014;Production;5.0;1205033439.0;2.0;5.0;Voluntarily Terminated;5.0;0.0;1.0;;12.0;Single;0.0;0.0;1;Moderate;25.0;1.0;PIP;20.0;Production Technician II;White;MBTA ads;M;0.0;MA;unhappy;2472.0;34;8
0;Eligible NonCitizen;10/03/1979;02/04/2012;;Production;5.0;1103024843.0;3.0;1.0;Active;2.61;0.0;0.0;14/01/2019;12.0;Married;1.0;1.0;1;Moderate;26.0;3.0;Fully Meets;20.0;Production Technician II;Asian;MBTA ads;F;0.0;MA;N/A - still employed;2050.0;40;7
1;US Citizen;07/11/1958;07/01/2013;21/02/2016;Production;5.0;1405067188.0;3.0;5.0;Voluntarily Terminated;1.67;0.0;1.0;;12.0;Single;0.0;0.0;1;High;29.0;4.0;Exceeds;20.0;Production Technician II;White;Professional Society;M;0.0;MA;retiring;2045.0;61;6
1;US Citizen;25/11/1978;30/08/2010;26/09/2011;Production;5.0;1209048697.0;4.0;5.0;Voluntarily Terminated;1.3;0.0;1.0;;14.0;Married;1.0;1.0;1;Moderate;26.0;3.0;Fully Meets;20.0;Production Technician II;White;Other;M;0.0;MA;career change;2169.0;41;9
0;US Citizen;25/05/1986;12/05/2014;;Production;5.0;1001549006.0;3.0;3.0;Leave of Absence;02.04;0.0;0.0;07/02/2019;14.0;Married;1.0;1.0;1;Moderate;24.25;3.0;Fully Meets;20.0;Production Technician II;White;Professional Society;F;0.0;MA;N/A - still employed;1886.0;33;5
1;US Citizen;25/07/1979;07/01/2013;31/03/2014;Production;5.0;1010022030.0;3.0;5.0;Voluntarily Terminated;4.52;0.0;0.0;;14.0;Divorced;2.0;0.0;1;Low;22.0;3.0;Fully Meets;20.0;Production Technician II;Asian;Glassdoor;F;0.0;MA;Another position;2090.0;40;6
0;US Citizen;17/08/1992;07/11/2011;;Production;5.0;1404066711.0;3.0;1.0;Active;2.67;0.0;1.0;08/01/2019;14.0;Married;1.0;1.0;1;Moderate;27.0;3.0;Fully Meets;20.0;Production Technician II;White;Professional Society;M;0.0;MA;N/A - still employed;1450.0;27;8
1;Eligible NonCitizen;05/09/1981;26/09/2011;22/10/2011;Production;5.0;1402065340.0;4.0;5.0;Voluntarily Terminated;2.19;0.0;0.0;;14.0;Divorced;2.0;0.0;1;Moderate;26.0;3.0;Fully Meets;20.0;Production Technician II;White;Search Engine - Google Bing Yahoo;F;0.0;MA;return to school;1902.0;38;8
0;US Citizen;20/04/1985;29/09/2014;;Production;5.0;1205033180.0;4.0;1.0;Active;3.4;0.0;0.0;21/02/2019;14.0;Single;0.0;0.0;1;Low;22.0;3.0;Fully Meets;20.0;Production Technician II;White;Newspager/Magazine;F;0.0;MA;N/A - still employed;2302.0;34;5
1;US Citizen;16/01/1967;10/01/2011;04/04/2014;Production;5.0;1008021030.0;5.0;5.0;Voluntarily Terminated;1.38;0.0;0.0;;16.0;Single;0.0;0.0;1;Moderate;26.0;3.0;Fully Meets;20.0;Production Technician II;White;Search Engine - Google Bing Yahoo;F;0.0;MA;career change;2210.0;52;8
0;US Citizen;22/09/1978;07/07/2014;;Production;5.0;1108028428.0;5.0;1.0;Active;1.49;0.0;0.0;22/02/2019;16.0;Married;1.0;1.0;1;Moderate;27.0;3.0;Fully Meets;20.0;Production Technician II;Black or African American;Professional Society;F;0.0;MA;N/A - still employed;1824.0;41;5
1;US Citizen;11/03/1984;06/06/2016;;Production;5.0;1106026433.0;5.0;2.0;Future Start;2.92;0.0;0.0;18/01/2019;16.0;Single;0.0;0.0;1;Moderate;25.0;3.0;Fully Meets;20.0;Production Technician II;White;Vendor Referral;F;0.0;MA;N/A - Has not started yet;2021.0;35;3
0;US Citizen;28/03/1982;19/08/2013;;Production;5.0;1001504432.0;4.0;1.0;Active;1.64;0.0;0.0;12/02/2019;16.0;Single;0.0;0.0;1;Moderate;26.1;4.0;Exceeds;20.0;Production Technician II;Black or African American;Glassdoor;F;0.0;MA;N/A - still employed;2324.0;37;6
0;US Citizen;23/11/1985;10/11/2014;;Production;5.0;1104025435.0;5.0;1.0;Active;4.53;0.0;0.0;16/01/2019;16.0;Single;0.0;0.0;1;Moderate;26.39;3.0;Fully Meets;20.0;Production Technician II;White;Glassdoor;F;0.0;MA;N/A - still employed;1040.0;34;5
0;US Citizen;30/10/1963;29/09/2014;;Production;5.0;1001970770.0;3.0;1.0;Active;2.41;0.0;1.0;28/01/2019;16.0;Single;0.0;0.0;1;Low;22.0;4.0;Exceeds;20.0;Production Technician II;White;Pay Per Click - Google;M;0.0;MA;N/A - still employed;2045.0;56;5
1;US Citizen;24/05/1953;16/05/2011;08/07/2012;Production;5.0;1406068345.0;3.0;5.0;Voluntarily Terminated;3.93;0.0;0.0;;16.0;Married;1.0;1.0;1;High;28.75;3.0;Fully Meets;20.0;Production Technician II;White;Search Engine - Google Bing Yahoo;F;0.0;MA;Another position;2129.0;66;8
1;US Citizen;17/04/1966;21/07/2016;;Production;5.0;1303054329.0;3.0;2.0;Future Start;2.7;0.0;0.0;14/01/2019;18.0;Married;1.0;1.0;1;Moderate;27.0;4.0;Exceeds;20.0;Production Technician II;White;Employee Referral;F;0.0;MA;N/A - Has not started yet;2145.0;53;3
1;US Citizen;25/02/1951;04/04/2011;04/11/2015;Production;5.0;1104025179.0;5.0;5.0;Voluntarily Terminated;4.62;0.0;0.0;;18.0;Separated;3.0;0.0;1;High;29.0;3.0;Fully Meets;20.0;Production Technician II;Black or African American;Search Engine - Google Bing Yahoo;F;0.0;MA;more money;2343.0;68;8
0;US Citizen;10/08/1988;11/11/2013;;Production;5.0;1307059937.0;3.0;1.0;Active;5.0;0.0;1.0;08/01/2019;18.0;Single;0.0;0.0;1;Moderate;24.0;3.0;Fully Meets;20.0;Production Technician II;White;Newspager/Magazine;M;0.0;MA;N/A - still employed;2155.0;31;6
1;US Citizen;27/08/1972;10/01/2011;18/02/2013;Production;5.0;1011022932.0;3.0;5.0;Voluntarily Terminated;5.0;0.0;0.0;;18.0;Single;0.0;0.0;1;Moderate;24.0;3.0;Fully Meets;20.0;Production Technician II;White;Monster.com;F;0.0;MA;hours;2021.0;47;8
0;US Citizen;19/03/1979;08/07/2013;;Production;5.0;1405067565.0;3.0;3.0;Leave of Absence;4.0;0.0;1.0;18/02/2019;18.0;Married;1.0;1.0;1;Low;22.0;3.0;Fully Meets;20.0;Production Technician II;White;Information Session;M;0.0;MA;N/A - still employed;1770.0;40;6
0;US Citizen;03/12/1976;09/01/2012;;Production;5.0;1408069503.0;4.0;3.0;Leave of Absence;2.5;1.0;1.0;31/01/2019;18.0;Single;0.0;0.0;1;Moderate;26.0;3.0;Fully Meets;20.0;Production Technician II;Hispanic;Diversity Job Fair;M;0.0;MA;N/A - still employed;2127.0;43;7
0;US Citizen;26/04/1986;30/08/2010;;Production;5.0;1106026462.0;3.0;1.0;Active;02.08;0.0;1.0;10/01/2019;18.0;Married;1.0;1.0;1;High;29.0;3.0;Fully Meets;20.0;Production Technician II;White;Monster.com;M;0.0;MA;N/A - still employed;2062.0;33;9
0;US Citizen;19/08/1977;04/04/2011;;Production;5.0;1301052449.0;5.0;1.0;Active;3.25;0.0;1.0;14/01/2019;19.0;Married;1.0;1.0;1;Moderate;26.0;3.0;Fully Meets;20.0;Production Technician II;White;Careerbuilder;M;0.0;MA;N/A - still employed;1890.0;42;8
1;US Citizen;08/11/1983;04/04/2011;09/01/2012;Production;5.0;1012023204.0;3.0;5.0;Voluntarily Terminated;3.66;0.0;0.0;;19.0;Married;1.0;1.0;1;Moderate;24.0;3.0;Fully Meets;20.0;Production Technician II;White;Word of Mouth;F;0.0;MA;career change;2170.0;36;8
0;US Citizen;06/11/1986;05/07/2011;;Production;5.0;1008020942.0;4.0;1.0;Active;4.6;0.0;0.0;25/02/2019;19.0;Divorced;2.0;0.0;1;Moderate;22.5;4.0;Exceeds;20.0;Production Technician II;American Indian or Alaska Native;MBTA ads;F;0.0;MA;N/A - still employed;1821.0;33;8
0;US Citizen;21/05/1987;30/03/2015;;Production;5.0;1406067957.0;5.0;1.0;Active;5.0;0.0;0.0;07/02/2019;19.0;Single;0.0;0.0;1;Moderate;26.0;3.0;Fully Meets;20.0;Production Technician II;White;Newspager/Magazine;F;0.0;MA;N/A - still employed;2149.0;32;4
1;US Citizen;17/08/1986;16/05/2011;04/02/2012;Production;5.0;1411071406.0;5.0;5.0;Voluntarily Terminated;1.79;0.0;0.0;;19.0;Married;1.0;1.0;1;High;29.0;4.0;Exceeds;20.0;Production Technician II;White;Pay Per Click - Google;F;0.0;MA;more money;1886.0;33;8
0;US Citizen;10/02/1976;18/08/2014;;Production;5.0;1011022818.0;5.0;1.0;Active;3.11;0.0;1.0;12/02/2019;19.0;Single;0.0;0.0;1;Low;22.0;3.0;Fully Meets;20.0;Production Technician II;Black or African American;Employee Referral;M;0.0;MA;N/A - still employed;2459.0;43;5
1;US Citizen;19/09/1988;05/07/2011;24/09/2012;Production;5.0;1005019209.0;3.0;5.0;Voluntarily Terminated;03.02;0.0;0.0;;20.0;Married;1.0;1.0;1;High;29.0;3.0;Fully Meets;20.0;Production Technician II;White;Newspager/Magazine;F;0.0;MA;hours;1810.0;31;8
0;Eligible NonCitizen;14/09/1979;07/11/2011;;Production;5.0;1201031274.0;4.0;1.0;Active;3.96;0.0;1.0;27/02/2019;20.0;Single;0.0;0.0;1;Moderate;25.0;3.0;Fully Meets;20.0;Production Technician II;Two or more races;Newspager/Magazine;M;0.0;MA;N/A - still employed;2458.0;40;8
0;US Citizen;08/12/1983;30/09/2013;;Production;5.0;1108028351.0;5.0;3.0;Leave of Absence;2.57;0.0;0.0;21/02/2019;20.0;Separated;3.0;0.0;1;Moderate;27.0;3.0;Fully Meets;20.0;Production Technician II;American Indian or Alaska Native;Word of Mouth;F;0.0;MA;N/A - still employed;1824.0;36;6
1;US Citizen;09/05/1984;02/04/2012;15/04/2013;Production;5.0;1104025486.0;3.0;5.0;Voluntarily Terminated;1.84;0.0;1.0;;20.0;Married;1.0;1.0;1;High;28.0;3.0;Fully Meets;20.0;Production Technician II;White;Word of Mouth;M;0.0;MA;more money;2126.0;35;7
0;US Citizen;24/04/1970;13/05/2013;;Production;5.0;1001103149.0;3.0;1.0;Active;2.55;0.0;0.0;14/01/2019;20.0;Single;0.0;0.0;1;Moderate;25.0;4.0;Exceeds;20.0;Production Technician II;Black or African American;Billboard;F;0.0;MA;N/A - still employed;2126.0;49;6
1;US Citizen;03/07/1972;05/07/2011;08/02/2012;Production;5.0;1499902991.0;5.0;5.0;Voluntarily Terminated;2.48;0.0;1.0;;20.0;Married;1.0;1.0;1;Low;22.0;3.0;Fully Meets;20.0;Production Technician II;White;Glassdoor;M;0.0;MA;Another position;2138.0;47;8
0;US Citizen;11/05/1985;07/07/2014;;Production;5.0;1012023010.0;4.0;1.0;Active;04.07;0.0;1.0;28/02/2019;20.0;Single;0.0;0.0;1;Moderate;24.25;3.0;Fully Meets;20.0;Production Technician II;White;Vendor Referral;M;0.0;MA;N/A - still employed;1810.0;34;5
0;US Citizen;21/09/1990;04/04/2011;;Production;5.0;1403066125.0;3.0;1.0;Active;1.16;0.0;0.0;27/02/2019;22.0;Single;0.0;0.0;1;Moderate;27.0;2.0;Needs Improvement;20.0;Production Technician II;White;Monster.com;F;0.0;MA;N/A - still employed;2171.0;29;8
0;US Citizen;25/08/1989;07/07/2014;;Production;5.0;1105025661.0;1.0;1.0;Active;4.59;0.0;0.0;25/02/2019;22.0;Separated;3.0;0.0;1;Moderate;24.0;1.0;PIP;20.0;Production Technician II;White;Pay Per Click - Google;F;0.0;MA;N/A - still employed;2133.0;30;5
1;Non-Citizen;16/02/1984;15/08/2011;07/04/2012;Production;5.0;1207046956.0;5.0;5.0;Voluntarily Terminated;03.03;0.0;0.0;;30.0;Married;1.0;1.0;1;High;28.0;3.0;Fully Meets;20.0;Production Technician II;White;Glassdoor;F;0.0;MA;relocation out of area;2445.0;35;8
1;US Citizen;26/12/1976;08/07/2013;15/09/2013;Production;5.0;1305056276.0;4.0;5.0;Voluntarily Terminated;4.65;0.0;0.0;;22.0;Widowed;4.0;0.0;1;Moderate;24.0;3.0;Fully Meets;20.0;Production Technician II;White;On-campus Recruiting;F;0.0;MA;more money;2122.0;42;6
0;US Citizen;01/12/1974;13/05/2013;;Production;5.0;1301052436.0;5.0;1.0;Active;4.29;0.0;1.0;28/01/2019;22.0;Separated;3.0;0.0;1;High;29.0;3.0;Fully Meets;20.0;Production Technician II;Black or African American;On-campus Recruiting;M;0.0;MA;N/A - still employed;1460.0;45;6
1;US Citizen;25/11/1987;26/10/2009;08/04/2015;Production;5.0;1012023103.0;4.0;5.0;Voluntarily Terminated;4.68;0.0;0.0;;22.0;Single;0.0;0.0;1;Moderate;23.0;3.0;Fully Meets;20.0;Production Technician II;White;Monster.com;F;0.0;MA;maternity leave - did not return;1851.0;32;10
0;US Citizen;28/07/1983;29/09/2014;;Production;5.0;1101023457.0;3.0;1.0;Active;3.19;0.0;1.0;01/02/2019;;Single;0.0;0.0;1;Low;22.0;3.0;Fully Meets;20.0;Production Technician II;White;Word of Mouth;M;0.0;MA;N/A - still employed;1013.0;36;5
0;US Citizen;27/09/1987;17/02/2014;;Production;5.0;1402065085.0;4.0;1.0;Active;4.0;0.0;0.0;07/01/2019;;Single;0.0;0.0;1;Moderate;24.0;3.0;Fully Meets;20.0;Production Technician II;Black or African American;Newspager/Magazine;F;0.0;MA;N/A - still employed;2324.0;32;5
1;US Citizen;07/05/1992;05/06/2015;;Production;5.0;1103024924.0;3.0;2.0;Future Start;2.63;0.0;0.0;14/02/2019;;Separated;3.0;0.0;1;High;28.0;3.0;Fully Meets;20.0;Production Technician II;White;Other;F;0.0;MA;N/A - Has not started yet;2351.0;27;4
1;US Citizen;25/08/1976;11/05/2016;;Production;5.0;1110029623.0;3.0;2.0;Future Start;5.0;0.0;0.0;21/01/2019;;Married;1.0;1.0;1;Moderate;23.0;3.0;Fully Meets;20.0;Production Technician II;White;Vendor Referral;F;0.0;MA;N/A - Has not started yet;2324.0;43;3
1;US Citizen;11/02/1952;14/05/2012;19/08/2013;Production;5.0;1001856521.0;3.0;5.0;Voluntarily Terminated;5.0;0.0;0.0;;39.0;Married;1.0;1.0;1;Moderate;25.0;3.0;Fully Meets;20.0;Production Technician II;Asian;Newspager/Magazine;F;0.0;MA;unhappy;2492.0;67;7
1;US Citizen;16/09/1975;25/06/2007;30/08/2010;Production;5.0;1011022777.0;4.0;5.0;Voluntarily Terminated;1.37;0.0;1.0;;39.0;Widowed;4.0;0.0;1;Moderate;23.0;3.0;Fully Meets;20.0;Production Technician II;White;Pay Per Click - Google;M;0.0;MA;military;2472.0;44;12
0;US Citizen;19/04/1990;05/05/2014;;Sales;6.0;1402065303.0;4.0;1.0;Active;4.62;0.0;0.0;24/01/2019;15.0;Single;0.0;0.0;1;Very High;54.0;3.0;Fully Meets;21.0;Sales Manager;White;Pay Per Click - Google;F;0.0;VT;N/A - still employed;5473.0;29;5
1;US Citizen;11/11/1989;07/11/2011;24/04/2014;Sales;6.0;1109029264.0;5.0;5.0;Voluntarily Terminated;1.9;0.0;0.0;;15.0;Single;0.0;0.0;1;Very High;60.25;3.0;Fully Meets;21.0;Sales Manager;White;Social Networks - Facebook Twitter etc;F;0.0;PA;maternity leave - did not return;19444.0;30;8
0;US Citizen;16/08/1984;18/05/2014;;Sales;6.0;1499902910.0;4.0;1.0;Active;1.62;1.0;1.0;16/01/2019;15.0;Divorced;2.0;0.0;1;Very High;56.0;2.0;Needs Improvement;21.0;Sales Manager;Black or African American;Diversity Job Fair;M;0.0;MA;N/A - still employed;1886.0;35;5
0;US Citizen;14/06/1987;02/10/2016;;IT/IS;3.0;1009919930.0;5.0;1.0;Active;02.09;0.0;0.0;08/01/2019;13.0;Single;0.0;0.0;1;High;50.25;3.0;Fully Meets;22.0;Senior BI Developer;Asian;Indeed;F;7.0;MA;N/A - still employed;1886.0;32;3
0;US Citizen;25/04/1970;10/02/2017;;IT/IS;3.0;1009919960.0;3.0;1.0;Active;5.0;0.0;1.0;25/02/2019;13.0;Single;0.0;0.0;1;High;52.25;3.0;Fully Meets;22.0;Senior BI Developer;Asian;Indeed;M;6.0;MA;N/A - still employed;2056.0;49;2
0;US Citizen;08/07/1981;15/02/2017;;IT/IS;3.0;1009919970.0;4.0;1.0;Active;3.42;0.0;1.0;04/01/2019;13.0;Single;0.0;0.0;1;High;51.0;3.0;Fully Meets;22.0;Senior BI Developer;Asian;Indeed;M;7.0;MA;N/A - still employed;1887.0;38;2
0;US Citizen;10/06/1984;05/01/2016;;Admin Offices;1.0;1102024115.0;4.0;1.0;Active;1.95;0.0;1.0;28/01/2019;2.0;Married;1.0;1.0;1;Very High;55.0;3.0;Fully Meets;23.0;Shared Services Manager;White;Monster.com;M;0.0;MA;N/A - still employed;1460.0;35;3
1;Eligible NonCitizen;06/11/1984;21/02/2011;15/08/2015;Admin Offices;1.0;1206043417.0;4.0;5.0;Voluntarily Terminated;4.15;1.0;1.0;;2.0;Married;1.0;1.0;1;Very High;55.0;3.0;Fully Meets;23.0;Shared Services Manager;Black or African American;Diversity Job Fair;M;0.0;MA;career change;2045.0;35;8
0;US Citizen;24/05/1979;10/11/2014;;Software Engineering;4.0;1107027358.0;3.0;1.0;Active;03.04;0.0;0.0;02/01/2019;10.0;Single;0.0;0.0;1;High;47.6;3.0;Fully Meets;24.0;Software Engineer;White;Vendor Referral;F;4.0;MA;N/A - still employed;2110.0;40;5
0;US Citizen;05/04/1987;11/11/2013;;Software Engineering;4.0;1101023577.0;4.0;1.0;Active;4.96;0.0;0.0;30/01/2019;10.0;Single;0.0;0.0;1;Very High;56.0;3.0;Fully Meets;24.0;Software Engineer;White;Pay Per Click - Google;F;6.0;MA;N/A - still employed;2132.0;32;6
0;US Citizen;05/07/1979;09/01/2012;;Software Engineering;4.0;1203032498.0;5.0;1.0;Active;3.79;0.0;0.0;25/01/2019;10.0;Single;0.0;0.0;1;Very High;57.12;3.0;Fully Meets;24.0;Software Engineer;Black or African American;Monster.com;F;5.0;MA;N/A - still employed;2176.0;40;7
1;US Citizen;15/05/1987;02/05/2011;05/06/2013;Software Engineering;4.0;1401064670.0;5.0;4.0;Terminated for Cause;2.55;0.0;0.0;;10.0;Married;1.0;1.0;1;High;48.5;2.0;Needs Improvement;24.0;Software Engineer;Black or African American;Billboard;F;4.0;MA;attendance;1749.0;32;8
0;US Citizen;07/11/1987;11/11/2013;;Software Engineering;4.0;1303054625.0;5.0;1.0;Active;1.53;0.0;0.0;14/01/2019;10.0;Single;0.0;0.0;1;Very High;55.51;3.0;Fully Meets;24.0;Software Engineer;Asian;Search Engine - Google Bing Yahoo;F;4.0;MA;N/A - still employed;2135.0;32;6
1;US Citizen;20/02/1979;07/11/2011;07/09/2015;Software Engineering;4.0;1112030979.0;5.0;5.0;Voluntarily Terminated;1.1;1.0;1.0;;10.0;Single;0.0;0.0;1;High;52.25;4.0;Exceeds;24.0;Software Engineer;Asian;Diversity Job Fair;M;3.0;MA;Another position;1844.0;40;8
0;US Citizen;24/07/1986;05/11/2012;;Software Engineering;4.0;1012023185.0;3.0;1.0;Active;1.74;0.0;0.0;13/02/2019;10.0;Married;1.0;1.0;1;High;49.25;3.0;Fully Meets;24.0;Software Engineer;White;Pay Per Click - Google;F;6.0;MA;N/A - still employed;2132.0;33;7
0;US Citizen;06/05/1983;07/07/2014;;Software Engineering;4.0;1201031324.0;5.0;1.0;Active;2.61;0.0;1.0;18/02/2019;10.0;Single;0.0;0.0;1;High;48.0;4.0;Exceeds;24.0;Software Engineer;White;MBTA ads;M;5.0;MA;N/A - still employed;2140.0;36;5
1;Non-Citizen;14/06/1983;18/02/2013;15/04/2014;Software Engineering;4.0;1102024057.0;3.0;5.0;Voluntarily Terminated;1.11;1.0;1.0;;10.0;Single;0.0;0.0;1;High;45.42;3.0;Fully Meets;24.0;Software Engineer;Black or African American;Diversity Job Fair;M;4.0;MA;medical issues;2451.0;36;6
0;US Citizen;22/11/1966;15/08/2011;;Software Engineering;4.0;1001644719.0;3.0;1.0;Active;3.84;0.0;1.0;21/01/2019;5.0;Single;0.0;0.0;1;Moderate;27.0;3.0;Fully Meets;25.0;Software Engineering Manager;White;Search Engine - Google Bing Yahoo;M;5.0;MA;N/A - still employed;2184.0;53;8
0;US Citizen;16/04/1979;05/01/2009;;Admin Offices;1.0;1201031308.0;3.0;1.0;Active;5.0;0.0;0.0;08/02/2019;9.0;Married;1.0;1.0;1;High;34.95;3.0;Fully Meets;26.0;Sr. Accountant;White;Other;F;2.0;MA;N/A - still employed;2050.0;40;10
0;US Citizen;04/04/1987;16/02/2015;;Admin Offices;1.0;1307060188.0;4.0;1.0;Active;5.0;1.0;0.0;18/02/2019;3.0;Married;1.0;1.0;1;High;34.95;3.0;Fully Meets;26.0;Sr. Accountant;Asian;Diversity Job Fair;F;3.0;MA;N/A - still employed;2468.0;32;4
1;US Citizen;05/05/1975;30/03/2015;16/06/2016;IT/IS;3.0;1307060199.0;3.0;5.0;Voluntarily Terminated;4.96;0.0;1.0;;4.0;Married;1.0;1.0;1;Very High;62.0;3.0;Fully Meets;27.0;Sr. DBA;White;Company Intranet - Partner;M;6.0;MA;career change;2148.0;44;4
1;US Citizen;06/06/1986;30/06/2016;;IT/IS;3.0;1010022337.0;5.0;2.0;Future Start;5.0;0.0;0.0;18/02/2019;4.0;Single;0.0;0.0;1;Very High;61.3;3.0;Fully Meets;27.0;Sr. DBA;Black or African American;Vendor Referral;F;6.0;MA;N/A - Has not started yet;1886.0;33;3
1;US Citizen;30/07/1964;17/02/2014;19/02/2016;IT/IS;3.0;1412071562.0;5.0;4.0;Terminated for Cause;2.94;0.0;1.0;;4.0;Single;0.0;0.0;1;Very High;58.2;3.0;Fully Meets;30.0;Enterprise Architect;Black or African American;Vendor Referral;M;7.0;CT;hours;6033.0;55;5
1;US Citizen;27/05/1973;05/01/2015;10/11/2015;IT/IS;3.0;1111030266.0;3.0;5.0;Voluntarily Terminated;3.88;0.0;0.0;;4.0;Single;0.0;0.0;1;Very High;58.5;3.0;Fully Meets;29.0;Principal Data Architect;White;Vendor Referral;F;7.0;MA;Another position;2703.0;46;4
0;US Citizen;18/01/1952;10/11/2014;;IT/IS;3.0;1411071312.0;5.0;3.0;Leave of Absence;1.55;0.0;0.0;12/02/2019;7.0;Married;1.0;1.0;1;Very High;54.1;3.0;Fully Meets;28.0;Sr. Network Engineer;White;Vendor Referral;F;8.0;CT;N/A - still employed;6033.0;67;5
0;US Citizen;23/04/1986;10/11/2014;;IT/IS;3.0;1108028108.0;5.0;3.0;Leave of Absence;4.46;0.0;1.0;07/01/2019;7.0;Married;1.0;1.0;1;Very High;56.2;3.0;Fully Meets;28.0;Sr. Network Engineer;White;Employee Referral;M;6.0;MA;N/A - still employed;2169.0;33;5
1;US Citizen;09/02/1983;30/06/2016;;IT/IS;3.0;904013591.0;4.0;2.0;Future Start;3.27;0.0;1.0;14/01/2019;7.0;Married;1.0;1.0;1;Very High;53.8;3.0;Fully Meets;28.0;Sr. Network Engineer;Asian;On-campus Recruiting;M;5.0;MA;N/A - Has not started yet;1545.0;36;3
0;US Citizen;09/09/1965;10/11/2014;;IT/IS;3.0;1308060959.0;3.0;1.0;Active;5.0;0.0;1.0;02/01/2019;7.0;Single;0.0;0.0;1;Very High;53.0;3.0;Fully Meets;28.0;Sr. Network Engineer;White;Employee Referral;M;4.0;CT;N/A - still employed;6278.0;54;5
0;US Citizen;02/05/1978;30/03/2015;;IT/IS;3.0;1301052347.0;4.0;1.0;Active;01.06;0.0;0.0;05/02/2019;7.0;Widowed;4.0;0.0;1;Very High;55.2;3.0;Fully Meets;28.0;Sr. Network Engineer;Asian;Employee Referral;F;8.0;MA;N/A - still employed;2453.0;41;4
